order_id,customer_id,product_id,order_date,revenue
1,C0099,P004,2021-12-17,2152.77
2,C0188,P017,2022-03-10,3901.74
3,C0116,P013,2023-05-02,1759.79
4,C0191,P018,2021-05-20,2862.31
5,C0253,P005,2021-03-28,1104.4
6,C0161,P030,2021-07-02,3735.78
7,C0256,P024,2022-01-03,356.17
8,C0128,P024,2021-05-09,4277.46
9,C0018,P027,2022-11-01,1071.16
10,C0281,P003,2021-05-29,4384.55
11,C0223,P011,2023-09-12,1827.39
12,C0054,P013,2023-05-02,3641.15
13,C0058,P004,2022-09-20,1664.2
14,C0174,P026,2022-03-22,4538.97
15,C0280,P027,2023-06-03,720.52
16,C0114,P014,2021-10-21,974.75
17,C0288,P022,2021-09-07,2515.85
18,C0151,P011,2023-05-28,501.5
19,C0127,P027,2023-08-06,1060.3
20,C0155,P010,2023-09-02,4724.46
21,C0273,P019,2023-11-15,4884.8
22,C0104,P018,2023-02-28,1943.67
23,C0299,P006,2023-09-11,4624.1
24,C0246,P027,2023-06-08,2769.64
25,C0176,P029,2023-06-09,1421.74
26,C0039,P015,2021-03-11,3541.75
27,C0170,P021,2022-09-17,3328.62
28,C0247,P030,2023-05-25,4946.71
29,C0026,P010,2022-04-16,1398.73
30,C0013,P005,2021-04-01,3393.09
31,C0036,P026,2022-06-14,354.92
32,C0173,P029,2022-10-23,656.87
33,C0020,P005,2023-01-09,119.2
34,C0264,P010,2022-12-27,4997.36
35,C0142,P028,2023-05-22,4031.14
36,C0143,P005,2021-07-11,3954.94
37,C0092,P003,2021-05-18,2597.66
38,C0288,P023,2021-12-11,1570.33
39,C0215,P006,2023-10-06,841.19
40,C0051,P004,2022-05-18,1494.91
41,C0153,P018,2021-07-22,1942.26
42,C0186,P028,2022-07-27,3805.92
43,C0063,P009,2021-07-11,2744.34
44,C0190,P017,2021-01-05,479.67
45,C0125,P029,2021-11-07,188.34
46,C0150,P013,2022-07-03,601.43
47,C0058,P027,2021-02-25,2111.44
48,C0180,P015,2022-03-19,4672.65
49,C0170,P030,2023-05-20,3223.27
50,C0271,P020,2022-08-08,4028.95
51,C0054,P017,2023-01-22,2385.24
52,C0101,P013,2021-12-26,1872.16
53,C0264,P016,2023-03-30,631.16
54,C0053,P022,2021-01-30,4392.07
55,C0060,P004,2021-04-18,3937.48
56,C0108,P005,2023-04-24,923.78
57,C0005,P005,2022-12-18,2610.08
58,C0103,P009,2023-06-10,2488.14
59,C0196,P017,2023-08-18,3162.95
60,C0262,P013,2023-06-12,4736.32
61,C0047,P002,2023-01-02,2940.88
62,C0144,P013,2022-08-29,2747.06
63,C0269,P022,2022-04-02,346.58
64,C0124,P021,2022-09-07,408.25
65,C0106,P027,2022-11-29,1018.0
66,C0158,P023,2022-11-05,259.11
67,C0147,P019,2022-06-27,3742.43
68,C0145,P003,2023-05-07,3644.32
69,C0120,P010,2023-06-16,766.68
70,C0275,P002,2021-10-05,4196.79
71,C0092,P013,2022-07-06,858.45
72,C0058,P019,2021-04-21,1575.76
73,C0229,P026,2022-01-20,1319.99
74,C0117,P017,2023-01-31,1924.3
75,C0279,P021,2022-11-25,1347.85
76,C0127,P014,2022-02-09,2495.86
77,C0129,P012,2021-01-22,2096.3
78,C0058,P021,2022-11-09,4934.19
79,C0122,P012,2022-09-03,374.04
80,C0001,P011,2021-01-08,796.69
81,C0239,P007,2022-12-03,358.85
82,C0290,P004,2022-06-13,3166.62
83,C0096,P019,2022-08-25,367.1
84,C0126,P001,2022-10-19,4198.55
85,C0118,P028,2021-06-15,2608.5
86,C0048,P024,2023-04-29,2682.34
87,C0089,P029,2022-05-11,2851.81
88,C0237,P003,2022-08-13,936.99
89,C0272,P013,2022-03-05,1068.68
90,C0189,P015,2023-02-13,1662.2
91,C0192,P002,2021-06-12,3008.13
92,C0069,P011,2022-01-01,1129.58
93,C0278,P004,2021-03-13,670.03
94,C0247,P019,2022-10-17,4853.57
95,C0076,P029,2021-09-26,207.71
96,C0154,P017,2022-02-19,4033.22
97,C0144,P003,2023-10-13,3961.37
98,C0086,P028,2022-11-06,1556.35
99,C0185,P018,2023-12-20,764.57
100,C0285,P008,2021-01-06,813.58
101,C0220,P022,2023-09-09,3517.41
102,C0069,P025,2022-07-24,3249.75
103,C0047,P024,2022-02-11,3935.45
104,C0094,P026,2021-01-26,4693.66
105,C0238,P019,2023-10-26,3490.44
106,C0204,P005,2023-09-13,863.67
107,C0218,P007,2022-01-25,1292.87
108,C0039,P021,2022-12-11,4226.75
109,C0100,P008,2022-07-25,1125.6
110,C0289,P028,2023-01-24,455.36
111,C0254,P005,2021-05-26,3546.07
112,C0222,P017,2023-02-24,2072.38
113,C0023,P005,2022-06-10,4608.2
114,C0250,P004,2021-01-13,3286.25
115,C0010,P022,2023-06-22,543.05
116,C0246,P019,2022-01-19,4744.5
117,C0100,P027,2022-07-10,1366.93
118,C0290,P021,2023-06-06,1752.34
119,C0180,P002,2021-01-19,2071.08
120,C0223,P011,2022-07-29,351.0
121,C0250,P022,2023-01-21,2532.93
122,C0147,P013,2023-10-01,704.26
123,C0096,P015,2022-02-23,2064.75
124,C0257,P012,2022-02-23,1818.48
125,C0004,P022,2021-05-02,3886.92
126,C0016,P021,2022-03-08,4035.54
127,C0280,P022,2021-02-13,851.72
128,C0247,P011,2022-01-16,1896.1
129,C0258,P007,2021-05-25,1929.43
130,C0160,P028,2021-12-29,841.91
131,C0152,P005,2023-12-10,4012.42
132,C0178,P017,2023-12-25,3565.42
133,C0163,P024,2021-12-21,1032.87
134,C0033,P020,2023-03-11,1896.94
135,C0179,P009,2023-04-06,618.44
136,C0101,P014,2022-02-02,3178.21
137,C0268,P026,2023-05-30,694.72
138,C0065,P012,2022-04-08,4931.08
139,C0168,P006,2023-03-19,3925.34
140,C0043,P017,2021-07-06,2012.17
141,C0044,P019,2023-01-02,2934.96
142,C0285,P019,2022-03-05,4565.57
143,C0012,P026,2023-05-08,2815.09
144,C0095,P016,2021-08-25,955.04
145,C0253,P012,2023-02-10,1955.65
146,C0242,P012,2023-01-28,4231.41
147,C0035,P020,2021-05-16,3256.64
148,C0215,P006,2023-03-03,3288.55
149,C0090,P023,2021-06-20,4347.43
150,C0264,P026,2021-06-08,4480.47
151,C0093,P004,2021-07-20,4606.98
152,C0090,P006,2023-08-20,564.76
153,C0115,P011,2022-08-06,2766.22
154,C0105,P001,2023-05-26,3728.5
155,C0196,P030,2022-01-06,3808.94
156,C0114,P024,2021-04-13,3072.91
157,C0075,P023,2023-09-29,917.26
158,C0217,P015,2023-09-03,4007.36
159,C0277,P027,2023-03-09,3628.55
160,C0249,P011,2022-10-20,522.07
161,C0164,P025,2023-06-01,2372.67
162,C0192,P019,2023-01-03,952.49
163,C0227,P018,2022-02-27,1753.64
164,C0177,P017,2022-07-26,188.6
165,C0099,P019,2021-06-20,2061.62
166,C0036,P021,2021-06-22,2794.4
167,C0096,P014,2022-10-25,3135.95
168,C0152,P027,2022-03-29,3351.1
169,C0151,P018,2021-12-16,4197.83
170,C0190,P028,2022-05-09,1155.77
171,C0224,P019,2022-09-12,690.36
172,C0037,P015,2023-10-25,4272.53
173,C0268,P015,2023-07-08,867.4
174,C0183,P004,2021-01-06,4876.32
175,C0013,P007,2021-10-15,4228.44
176,C0279,P013,2022-08-31,2554.3
177,C0217,P003,2022-04-02,4908.96
178,C0286,P016,2023-10-27,577.15
179,C0273,P009,2022-09-16,1585.02
180,C0062,P008,2022-01-11,3227.3
181,C0084,P020,2022-03-23,1815.03
182,C0217,P013,2023-04-15,4649.03
183,C0187,P017,2023-03-22,421.57
184,C0019,P017,2023-08-17,2792.12
185,C0177,P017,2023-04-29,2995.24
186,C0100,P001,2023-03-20,3298.37
187,C0233,P008,2023-09-06,1352.76
188,C0076,P019,2022-02-20,1886.38
189,C0265,P006,2022-12-27,4234.03
190,C0284,P003,2022-03-30,1055.22
191,C0206,P027,2021-05-30,4151.65
192,C0223,P005,2023-01-29,2857.01
193,C0052,P013,2023-02-18,3834.72
194,C0144,P015,2023-08-31,3596.68
195,C0069,P014,2023-02-02,1116.81
196,C0099,P029,2023-09-29,2887.18
197,C0025,P023,2021-03-17,4351.84
198,C0053,P016,2022-08-22,2217.37
199,C0151,P018,2021-08-13,4836.29
200,C0144,P022,2021-04-23,2315.85
201,C0057,P029,2021-09-08,799.65
202,C0039,P022,2023-04-21,2008.23
203,C0109,P011,2022-12-15,4763.34
204,C0181,P003,2021-05-05,1666.63
205,C0042,P022,2023-12-29,4353.68
206,C0186,P010,2023-12-07,4418.13
207,C0223,P010,2023-06-03,1815.91
208,C0122,P030,2021-01-30,507.96
209,C0133,P021,2021-10-08,3650.33
210,C0163,P016,2023-07-13,1626.41
211,C0215,P012,2022-01-03,3936.33
212,C0221,P002,2022-05-10,2269.01
213,C0235,P009,2023-11-15,2477.81
214,C0146,P024,2022-12-19,3911.76
215,C0239,P003,2023-10-14,1973.58
216,C0076,P024,2022-08-29,2271.32
217,C0009,P030,2022-01-10,1943.33
218,C0074,P025,2022-10-01,1899.97
219,C0253,P030,2023-11-15,2677.14
220,C0230,P015,2021-04-26,4063.12
221,C0007,P003,2021-02-17,1872.66
222,C0174,P019,2021-04-09,2668.85
223,C0141,P018,2022-02-09,3386.56
224,C0168,P008,2022-11-16,1420.25
225,C0170,P026,2023-06-22,1459.86
226,C0283,P017,2022-05-18,4673.72
227,C0122,P008,2023-06-13,3645.32
228,C0194,P007,2021-09-15,2928.21
229,C0005,P030,2023-04-24,3273.83
230,C0029,P007,2021-05-01,243.57
231,C0165,P003,2023-03-21,3128.7
232,C0136,P001,2023-09-05,2596.59
233,C0145,P004,2021-02-23,2774.17
234,C0217,P025,2023-10-16,1861.18
235,C0132,P005,2023-02-23,499.22
236,C0292,P001,2021-08-29,1047.36
237,C0070,P015,2022-04-28,4758.65
238,C0252,P005,2023-10-10,2102.63
239,C0275,P013,2021-07-06,2386.75
240,C0182,P008,2022-10-18,358.28
241,C0167,P008,2021-09-19,284.07
242,C0091,P005,2023-08-11,3614.19
243,C0202,P028,2022-05-06,2736.66
244,C0019,P009,2022-03-07,2592.66
245,C0039,P001,2021-08-27,1291.31
246,C0126,P004,2021-10-31,3749.28
247,C0173,P003,2021-10-25,924.36
248,C0141,P002,2021-03-17,1030.68
249,C0242,P008,2023-09-26,2357.49
250,C0220,P023,2022-10-04,1502.77
251,C0126,P009,2023-04-07,1312.57
252,C0058,P002,2021-10-10,3261.66
253,C0148,P014,2022-08-14,3289.76
254,C0001,P014,2021-03-13,4140.13
255,C0190,P004,2022-12-04,2146.77
256,C0191,P030,2022-07-29,458.12
257,C0117,P006,2023-09-27,1440.97
258,C0134,P011,2023-06-11,4902.03
259,C0058,P003,2021-01-12,3021.67
260,C0044,P008,2021-05-21,3577.71
261,C0173,P003,2021-01-17,136.05
262,C0160,P014,2023-12-23,2639.21
263,C0173,P028,2021-09-10,283.89
264,C0149,P013,2022-04-10,2889.23
265,C0080,P013,2022-01-11,4611.78
266,C0213,P002,2023-09-08,4845.25
267,C0203,P013,2022-06-04,2748.71
268,C0252,P029,2021-03-31,2345.2
269,C0229,P019,2022-12-21,4730.58
270,C0164,P027,2023-03-15,3400.69
271,C0227,P006,2023-03-07,418.01
272,C0147,P016,2022-09-22,2382.06
273,C0020,P002,2021-03-17,1277.2
274,C0047,P008,2023-07-15,2402.04
275,C0233,P017,2022-02-04,2331.78
276,C0014,P023,2023-08-28,2952.51
277,C0143,P002,2023-12-31,1848.18
278,C0001,P010,2023-03-08,904.93
279,C0054,P028,2021-07-14,2568.23
280,C0259,P016,2021-08-16,4167.99
281,C0144,P006,2022-04-06,3353.66
282,C0012,P028,2022-09-10,1758.0
283,C0224,P002,2023-11-11,4684.06
284,C0272,P002,2021-03-05,4569.82
285,C0156,P026,2021-06-14,1125.81
286,C0008,P013,2021-01-27,293.15
287,C0122,P024,2023-10-09,3732.41
288,C0164,P015,2021-10-12,4155.29
289,C0090,P028,2021-10-08,4842.54
290,C0136,P002,2023-04-18,4460.2
291,C0186,P007,2023-04-11,3042.62
292,C0178,P003,2023-07-07,2697.26
293,C0028,P008,2021-08-12,236.42
294,C0220,P023,2023-02-23,1308.62
295,C0041,P014,2023-08-23,2352.11
296,C0228,P024,2023-08-08,3179.67
297,C0192,P030,2023-11-20,2830.53
298,C0145,P023,2021-02-14,3738.92
299,C0201,P027,2022-04-16,1470.86
300,C0212,P022,2021-02-03,2868.27
301,C0220,P029,2022-10-15,531.9
302,C0240,P007,2023-04-10,2126.96
303,C0046,P021,2021-08-09,3775.79
304,C0035,P007,2022-06-18,3497.66
305,C0253,P001,2022-11-23,4954.15
306,C0082,P017,2023-07-21,1461.67
307,C0256,P009,2023-04-21,2541.13
308,C0197,P030,2023-10-08,1714.7
309,C0010,P021,2022-08-05,2258.96
310,C0286,P013,2021-08-27,4299.06
311,C0242,P021,2022-03-17,3452.62
312,C0251,P019,2021-05-28,4423.96
313,C0005,P021,2023-10-30,1097.2
314,C0119,P019,2022-01-23,4379.47
315,C0289,P025,2023-12-10,392.84
316,C0065,P025,2023-07-05,4454.14
317,C0146,P022,2022-09-30,1712.46
318,C0224,P017,2021-10-05,1641.48
319,C0239,P023,2023-09-16,2609.23
320,C0177,P023,2022-08-12,4709.38
321,C0267,P030,2022-10-11,334.13
322,C0282,P010,2022-09-10,1825.93
323,C0063,P010,2021-05-15,4297.2
324,C0217,P004,2022-08-03,2040.67
325,C0283,P008,2022-05-05,1075.87
326,C0177,P022,2022-04-23,2181.49
327,C0098,P020,2022-01-19,1989.21
328,C0105,P020,2021-06-12,4585.54
329,C0099,P018,2022-03-17,3833.48
330,C0006,P014,2022-02-19,2575.07
331,C0197,P018,2021-10-15,4943.02
332,C0133,P028,2021-07-06,2379.86
333,C0259,P014,2021-05-10,385.37
334,C0023,P020,2021-07-13,1385.14
335,C0053,P021,2021-11-12,2236.75
336,C0165,P024,2021-05-24,868.82
337,C0202,P015,2021-01-16,4743.07
338,C0083,P022,2022-02-27,3857.56
339,C0145,P030,2021-09-02,1414.61
340,C0085,P004,2023-07-16,2994.94
341,C0078,P013,2021-05-09,3635.1
342,C0001,P027,2023-06-26,4712.27
343,C0051,P023,2023-06-06,4420.01
344,C0173,P008,2021-12-07,2624.44
345,C0205,P018,2021-01-04,3895.8
346,C0260,P012,2021-11-02,2854.51
347,C0288,P023,2023-06-27,2808.25
348,C0034,P014,2022-08-30,662.24
349,C0095,P002,2023-09-19,718.07
350,C0072,P018,2021-11-17,2694.71
351,C0039,P024,2022-07-13,1417.42
352,C0154,P002,2022-09-10,203.08
353,C0250,P011,2022-12-12,3641.91
354,C0162,P009,2022-06-15,259.18
355,C0118,P012,2022-02-14,3016.86
356,C0259,P017,2023-03-29,2742.05
357,C0268,P015,2022-05-08,4847.19
358,C0054,P025,2021-01-12,2472.64
359,C0236,P017,2021-07-14,411.65
360,C0222,P026,2022-05-05,2803.27
361,C0251,P029,2023-03-06,4221.37
362,C0112,P026,2023-05-31,4984.56
363,C0255,P018,2021-07-01,2208.68
364,C0207,P022,2023-08-20,1669.46
365,C0229,P006,2022-10-18,4542.6
366,C0066,P017,2022-11-25,1037.09
367,C0075,P023,2021-01-30,3115.6
368,C0103,P024,2023-02-17,2088.0
369,C0192,P018,2022-03-20,301.3
370,C0252,P008,2021-10-25,1801.71
371,C0226,P009,2023-03-19,1399.62
372,C0294,P006,2023-04-25,3461.85
373,C0098,P005,2023-10-13,4749.07
374,C0286,P012,2022-07-08,1413.43
375,C0249,P025,2021-10-30,4076.18
376,C0166,P029,2022-02-25,371.26
377,C0030,P028,2021-07-04,2736.79
378,C0247,P011,2022-04-13,445.7
379,C0106,P025,2023-01-24,4676.76
380,C0051,P001,2021-12-29,3855.12
381,C0081,P011,2021-12-02,3323.95
382,C0133,P019,2021-06-11,4137.09
383,C0285,P009,2021-01-12,3272.85
384,C0138,P027,2022-08-11,4847.83
385,C0184,P002,2021-07-20,3598.39
386,C0273,P012,2022-06-06,4630.83
387,C0069,P004,2022-05-20,2633.95
388,C0034,P004,2023-02-27,673.62
389,C0262,P018,2023-11-29,2688.07
390,C0053,P015,2021-03-01,721.68
391,C0205,P019,2022-08-01,3003.22
392,C0126,P013,2021-11-17,2464.22
393,C0235,P019,2023-07-12,3150.62
394,C0043,P017,2022-07-23,149.23
395,C0240,P006,2022-06-11,1054.72
396,C0111,P016,2022-06-08,2507.52
397,C0249,P024,2022-09-05,4757.47
398,C0151,P012,2021-05-05,1979.68
399,C0183,P019,2023-05-21,2179.42
400,C0095,P005,2021-10-07,3602.01
401,C0008,P017,2023-07-06,3058.58
402,C0184,P026,2022-09-14,1564.74
403,C0281,P023,2023-04-26,2113.0
404,C0195,P026,2022-11-05,1166.73
405,C0195,P029,2021-11-10,4833.51
406,C0155,P001,2021-11-28,740.11
407,C0093,P028,2021-02-05,1922.0
408,C0160,P027,2023-11-12,226.61
409,C0061,P025,2021-07-25,1186.72
410,C0122,P024,2022-10-01,3924.31
411,C0051,P023,2023-04-28,1085.76
412,C0277,P010,2022-03-16,492.31
413,C0005,P015,2022-12-30,2424.82
414,C0092,P023,2023-07-30,148.85
415,C0170,P021,2021-06-13,515.35
416,C0022,P021,2021-05-28,4057.37
417,C0001,P011,2021-10-21,3880.22
418,C0133,P013,2021-07-14,4584.18
419,C0233,P005,2022-10-25,4287.13
420,C0012,P001,2022-04-25,3447.56
421,C0046,P024,2021-05-03,356.43
422,C0034,P012,2022-11-30,3935.96
423,C0078,P011,2023-08-23,4243.0
424,C0218,P017,2022-10-23,4015.5
425,C0073,P004,2022-12-11,2591.55
426,C0282,P015,2022-01-31,1241.22
427,C0249,P025,2023-07-01,4242.12
428,C0047,P030,2023-10-02,3663.1
429,C0121,P009,2021-11-13,4905.73
430,C0214,P021,2022-11-12,862.89
431,C0239,P020,2022-05-10,1205.76
432,C0056,P019,2022-07-10,1137.81
433,C0107,P019,2022-09-02,3983.44
434,C0048,P012,2021-04-19,1015.85
435,C0061,P005,2022-01-07,426.63
436,C0026,P010,2023-05-05,4992.95
437,C0292,P017,2022-09-08,221.6
438,C0257,P005,2023-02-07,4192.7
439,C0008,P022,2021-07-25,1890.3
440,C0113,P016,2023-04-27,4223.92
441,C0253,P007,2021-02-12,2817.64
442,C0180,P028,2023-05-15,4517.99
443,C0207,P009,2023-02-24,4638.35
444,C0127,P003,2022-04-21,144.58
445,C0056,P015,2021-03-24,469.52
446,C0214,P016,2021-07-09,1326.76
447,C0014,P018,2023-03-11,3379.65
448,C0028,P014,2023-07-25,4452.53
449,C0078,P003,2021-09-08,2353.72
450,C0216,P012,2021-10-18,3074.17
451,C0154,P009,2021-11-22,1023.65
452,C0014,P028,2023-04-17,4044.34
453,C0187,P007,2022-05-23,4839.91
454,C0007,P009,2023-01-01,1416.13
455,C0003,P013,2021-03-13,2524.65
456,C0111,P018,2022-10-03,521.97
457,C0238,P005,2023-07-29,2839.77
458,C0239,P013,2022-08-31,2563.64
459,C0274,P004,2022-07-20,807.74
460,C0294,P002,2021-02-23,2266.12
461,C0227,P016,2022-06-12,1737.11
462,C0015,P009,2022-09-03,2656.97
463,C0192,P009,2021-07-12,2969.71
464,C0119,P006,2021-02-27,141.63
465,C0028,P011,2021-05-09,3828.93
466,C0202,P022,2022-12-07,3593.77
467,C0039,P024,2023-05-02,1894.8
468,C0273,P022,2021-01-08,359.39
469,C0231,P001,2021-01-29,3799.17
470,C0086,P004,2023-08-05,4780.36
471,C0126,P013,2021-05-11,1276.74
472,C0300,P023,2021-07-07,1685.27
473,C0025,P013,2022-12-10,1000.68
474,C0145,P013,2021-07-31,2926.99
475,C0013,P002,2021-10-03,858.72
476,C0212,P009,2021-08-31,1845.35
477,C0025,P024,2023-09-14,3515.36
478,C0068,P008,2022-11-16,2844.57
479,C0067,P007,2021-06-20,1993.67
480,C0233,P004,2022-10-15,2159.22
481,C0109,P018,2021-07-07,2854.34
482,C0146,P003,2021-02-21,128.74
483,C0111,P028,2021-04-21,484.7
484,C0228,P006,2023-05-27,4418.16
485,C0111,P012,2023-12-03,481.61
486,C0034,P012,2021-07-30,3563.34
487,C0111,P021,2023-05-08,4608.19
488,C0264,P028,2022-09-19,1426.35
489,C0236,P008,2023-11-16,1915.41
490,C0083,P022,2021-10-26,2887.71
491,C0042,P022,2023-07-13,4420.37
492,C0101,P001,2021-05-17,4715.34
493,C0006,P004,2023-11-10,3723.86
494,C0180,P021,2022-03-16,524.44
495,C0282,P028,2021-07-30,3378.86
496,C0226,P011,2023-01-22,2110.49
497,C0229,P003,2022-03-11,2406.43
498,C0289,P013,2023-02-19,340.83
499,C0150,P025,2022-03-15,1036.2
500,C0277,P017,2022-10-28,3973.52
501,C0198,P022,2023-12-02,2324.4
502,C0070,P022,2022-02-15,1578.14
503,C0112,P010,2023-03-17,1981.69
504,C0004,P021,2022-09-02,4286.56
505,C0095,P012,2022-03-03,3770.1
506,C0152,P015,2023-06-21,1434.35
507,C0137,P021,2023-07-31,675.76
508,C0247,P010,2023-01-12,1334.79
509,C0243,P014,2021-11-24,4611.71
510,C0031,P013,2021-02-21,2949.79
511,C0040,P005,2022-01-11,2714.05
512,C0229,P006,2021-09-20,3022.33
513,C0036,P024,2021-09-24,1893.54
514,C0223,P002,2021-12-25,4054.82
515,C0006,P022,2022-10-14,2664.1
516,C0220,P017,2021-02-15,672.06
517,C0075,P004,2022-08-23,732.42
518,C0004,P014,2022-12-21,2730.61
519,C0134,P010,2022-08-24,4689.19
520,C0118,P003,2022-01-16,1610.93
521,C0094,P025,2021-04-28,4360.75
522,C0062,P003,2021-04-26,3844.07
523,C0194,P015,2021-09-17,1314.28
524,C0203,P006,2021-11-01,278.07
525,C0026,P017,2021-01-07,599.05
526,C0173,P012,2022-01-01,3669.62
527,C0300,P022,2022-06-07,1078.38
528,C0133,P020,2022-03-05,1919.23
529,C0118,P024,2023-03-02,2558.33
530,C0275,P029,2023-01-17,3654.79
531,C0212,P011,2022-01-02,654.83
532,C0225,P025,2021-11-09,2091.2
533,C0020,P004,2022-06-22,2476.86
534,C0113,P026,2023-07-10,2750.05
535,C0140,P028,2023-12-14,4109.97
536,C0047,P026,2023-05-15,941.22
537,C0001,P006,2023-02-21,4058.37
538,C0090,P001,2021-11-30,3495.1
539,C0142,P020,2023-03-09,2823.77
540,C0038,P023,2021-12-14,3527.69
541,C0293,P028,2021-09-30,2118.89
542,C0139,P016,2023-08-21,778.15
543,C0259,P015,2022-12-21,3362.25
544,C0161,P017,2022-05-15,2670.89
545,C0178,P008,2022-11-16,3232.94
546,C0010,P028,2021-03-20,1756.19
547,C0261,P026,2022-09-14,4543.65
548,C0138,P012,2023-08-05,2978.11
549,C0172,P027,2021-12-24,518.47
550,C0013,P022,2022-09-10,2304.04
551,C0168,P021,2022-05-22,3806.14
552,C0130,P010,2022-07-30,3991.26
553,C0084,P027,2021-09-01,2523.53
554,C0101,P015,2022-05-21,4484.26
555,C0273,P030,2022-02-26,1411.58
556,C0265,P009,2021-08-05,2111.93
557,C0038,P002,2023-10-06,4503.12
558,C0094,P005,2021-11-26,4491.66
559,C0095,P006,2022-10-12,3459.99
560,C0069,P007,2022-01-26,4309.0
561,C0236,P021,2022-01-16,534.99
562,C0137,P025,2023-01-12,4338.48
563,C0076,P001,2023-03-31,1671.04
564,C0035,P023,2022-11-04,973.82
565,C0001,P026,2022-05-28,1272.91
566,C0296,P007,2023-08-07,2148.05
567,C0060,P020,2023-07-19,1330.84
568,C0267,P025,2023-07-02,1670.78
569,C0229,P030,2022-10-06,761.39
570,C0270,P012,2022-03-03,1551.27
571,C0286,P016,2022-05-17,2904.19
572,C0291,P016,2022-12-31,2265.08
573,C0213,P011,2021-03-12,1798.92
574,C0165,P021,2022-04-23,3757.62
575,C0005,P004,2022-04-02,4478.2
576,C0078,P013,2021-07-08,3808.27
577,C0062,P007,2021-10-18,1726.8
578,C0132,P004,2023-07-09,3747.77
579,C0089,P015,2021-10-19,844.7
580,C0237,P019,2023-01-26,738.56
581,C0042,P009,2022-01-12,1793.57
582,C0089,P011,2022-05-23,4057.74
583,C0296,P008,2022-06-12,1307.11
584,C0295,P001,2022-07-13,409.94
585,C0104,P023,2023-11-21,745.38
586,C0014,P025,2021-09-17,4307.85
587,C0288,P024,2022-02-25,3205.54
588,C0179,P008,2021-10-31,1340.69
589,C0125,P013,2023-07-31,2820.95
590,C0023,P022,2023-11-29,2685.14
591,C0063,P027,2022-06-26,3311.64
592,C0143,P004,2023-12-26,1242.62
593,C0153,P008,2021-04-18,4335.57
594,C0145,P003,2021-09-25,1615.91
595,C0225,P029,2021-08-10,3501.25
596,C0104,P009,2022-11-24,179.01
597,C0104,P029,2021-09-12,1926.02
598,C0039,P002,2021-09-10,1823.38
599,C0198,P002,2021-09-14,2763.07
600,C0134,P028,2022-01-18,456.41
601,C0067,P013,2022-03-18,3971.64
602,C0179,P015,2022-08-22,1167.13
603,C0042,P028,2022-01-25,3417.49
604,C0015,P023,2022-08-05,4035.74
605,C0111,P012,2023-12-04,2853.2
606,C0157,P026,2022-08-21,3730.33
607,C0289,P004,2021-01-19,3343.12
608,C0231,P026,2022-08-30,1842.1
609,C0157,P008,2021-02-02,4063.41
610,C0038,P009,2023-05-12,1544.04
611,C0097,P023,2021-06-04,2898.94
612,C0289,P005,2023-06-24,3752.45
613,C0254,P024,2022-02-09,1956.88
614,C0196,P020,2023-04-24,1583.56
615,C0086,P018,2023-01-17,2350.8
616,C0010,P011,2021-09-28,4108.02
617,C0005,P015,2023-02-09,4656.62
618,C0123,P028,2021-06-21,2770.91
619,C0118,P022,2021-10-01,3341.18
620,C0294,P009,2021-09-16,4526.04
621,C0159,P017,2022-02-26,582.88
622,C0228,P027,2021-12-30,1237.19
623,C0216,P026,2022-01-13,3573.61
624,C0184,P012,2022-08-03,4136.35
625,C0015,P007,2023-06-10,4299.44
626,C0157,P010,2022-12-23,2134.03
627,C0136,P025,2023-05-31,537.77
628,C0261,P026,2022-08-28,2245.13
629,C0157,P025,2021-01-22,1230.6
630,C0047,P010,2022-01-18,1526.86
631,C0173,P027,2021-05-14,3884.11
632,C0130,P013,2023-11-15,470.08
633,C0095,P019,2022-05-18,4155.15
634,C0115,P011,2021-05-24,2195.58
635,C0243,P013,2021-08-12,3020.71
636,C0292,P021,2021-08-08,539.3
637,C0282,P008,2021-06-28,1753.06
638,C0299,P008,2022-03-09,539.53
639,C0283,P004,2021-09-22,4811.56
640,C0069,P015,2023-08-12,4055.58
641,C0148,P028,2022-03-05,2352.2
642,C0011,P011,2022-02-20,1195.65
643,C0254,P011,2022-12-28,4673.93
644,C0038,P001,2021-07-16,1788.52
645,C0134,P017,2023-12-13,888.82
646,C0200,P015,2022-04-25,2859.51
647,C0023,P020,2023-06-09,4724.49
648,C0218,P006,2023-07-14,118.77
649,C0141,P024,2021-05-03,1266.81
650,C0104,P022,2023-02-17,4698.39
651,C0210,P028,2021-12-14,938.32
652,C0111,P025,2021-01-29,654.89
653,C0104,P015,2023-09-02,2893.92
654,C0171,P009,2021-02-04,4323.03
655,C0133,P014,2022-09-15,2437.84
656,C0293,P018,2022-08-12,4973.36
657,C0127,P026,2023-12-27,3427.94
658,C0106,P017,2023-06-23,462.97
659,C0092,P018,2022-06-04,4964.88
660,C0287,P005,2021-05-02,2098.68
661,C0051,P020,2021-12-06,1508.27
662,C0029,P020,2021-06-24,2833.61
663,C0296,P009,2022-08-20,1591.11
664,C0297,P011,2022-03-27,523.64
665,C0214,P024,2022-07-11,107.0
666,C0267,P022,2023-11-06,2302.96
667,C0257,P001,2021-01-09,4200.63
668,C0101,P018,2021-11-30,2904.34
669,C0110,P006,2023-10-14,4996.12
670,C0182,P027,2021-11-23,1505.55
671,C0001,P002,2021-01-15,1474.23
672,C0055,P015,2023-04-19,882.77
673,C0149,P029,2021-08-14,903.91
674,C0137,P026,2021-04-23,1497.41
675,C0202,P021,2021-01-01,3984.92
676,C0117,P014,2021-09-23,4538.21
677,C0154,P005,2023-08-10,4877.93
678,C0291,P006,2021-11-02,1238.22
679,C0063,P006,2021-01-12,4418.36
680,C0244,P030,2023-07-26,1708.45
681,C0025,P022,2022-02-24,652.92
682,C0090,P030,2023-06-08,4363.12
683,C0075,P018,2021-06-20,3216.92
684,C0294,P014,2021-05-14,907.18
685,C0210,P010,2023-08-23,2206.17
686,C0017,P014,2023-11-15,1507.56
687,C0128,P013,2022-10-20,3710.29
688,C0251,P030,2021-06-28,2321.74
689,C0179,P003,2023-12-16,4947.47
690,C0182,P030,2021-04-21,368.25
691,C0152,P006,2021-05-17,1839.57
692,C0025,P029,2021-08-20,2461.31
693,C0180,P008,2023-09-19,2565.35
694,C0198,P012,2022-04-13,1648.09
695,C0161,P013,2023-01-02,3673.28
696,C0177,P011,2022-04-26,4386.26
697,C0285,P012,2023-12-28,4699.72
698,C0063,P001,2023-03-25,4044.96
699,C0150,P017,2023-09-21,4267.84
700,C0154,P016,2021-11-19,2797.67
701,C0156,P011,2023-07-11,4146.85
702,C0049,P013,2023-06-23,1587.17
703,C0084,P018,2022-08-29,2052.55
704,C0177,P011,2022-03-05,1652.87
705,C0148,P028,2021-05-28,2390.2
706,C0118,P012,2023-04-30,1499.34
707,C0063,P006,2022-01-02,4811.9
708,C0189,P009,2023-04-30,1632.94
709,C0049,P016,2023-12-26,580.42
710,C0257,P004,2023-03-24,2681.4
711,C0224,P003,2021-06-24,379.79
712,C0141,P028,2022-08-11,641.66
713,C0215,P016,2022-05-10,1175.01
714,C0211,P024,2023-08-31,2375.32
715,C0032,P027,2021-02-04,2222.93
716,C0158,P026,2023-09-26,4018.49
717,C0285,P030,2022-06-22,3723.43
718,C0286,P025,2023-01-20,2188.96
719,C0144,P012,2023-11-04,1735.15
720,C0019,P011,2022-01-09,1650.7
721,C0018,P005,2022-07-11,3892.58
722,C0257,P025,2021-08-21,355.15
723,C0078,P018,2022-12-06,162.83
724,C0175,P019,2022-07-17,3998.17
725,C0194,P023,2023-07-28,2438.02
726,C0113,P023,2023-06-06,741.32
727,C0114,P006,2022-12-27,1254.27
728,C0222,P022,2021-03-17,4669.27
729,C0166,P018,2022-03-15,4311.56
730,C0132,P026,2022-11-30,3577.95
731,C0264,P006,2023-07-04,2462.9
732,C0055,P004,2023-06-10,2649.59
733,C0131,P012,2022-11-23,4878.7
734,C0288,P019,2021-09-10,4832.28
735,C0266,P029,2023-11-27,1154.82
736,C0162,P027,2022-02-14,4074.41
737,C0087,P029,2021-05-07,1066.49
738,C0055,P002,2022-08-15,1146.33
739,C0288,P017,2021-10-21,3412.86
740,C0178,P011,2023-10-17,2084.51
741,C0008,P011,2021-11-06,4664.57
742,C0247,P021,2022-10-24,536.15
743,C0255,P016,2022-06-12,2606.48
744,C0054,P002,2022-06-24,4600.76
745,C0249,P002,2022-02-23,4530.16
746,C0239,P023,2022-03-20,866.99
747,C0229,P008,2022-11-16,1896.52
748,C0067,P013,2023-04-20,3133.69
749,C0051,P010,2021-08-24,881.03
750,C0097,P008,2021-08-02,4843.31
751,C0092,P030,2021-03-26,4582.27
752,C0264,P004,2023-03-05,918.06
753,C0291,P015,2021-03-26,693.66
754,C0096,P030,2021-03-06,518.5
755,C0088,P001,2022-10-25,4556.27
756,C0078,P011,2022-09-19,1048.76
757,C0288,P007,2021-03-05,2139.8
758,C0120,P017,2023-07-28,2299.37
759,C0165,P027,2023-07-08,3035.15
760,C0182,P020,2022-05-06,451.5
761,C0223,P024,2021-11-09,1211.12
762,C0007,P018,2022-09-07,4664.3
763,C0263,P022,2023-07-08,4551.21
764,C0161,P029,2023-03-24,3928.32
765,C0151,P022,2023-07-29,195.07
766,C0085,P012,2022-11-11,1702.33
767,C0147,P009,2022-03-11,3177.0
768,C0112,P005,2022-11-13,1448.43
769,C0036,P010,2023-12-10,4556.97
770,C0285,P004,2021-12-06,3206.06
771,C0188,P005,2021-12-13,452.34
772,C0082,P028,2022-10-08,4554.13
773,C0002,P028,2022-10-11,4793.06
774,C0197,P010,2021-09-02,480.79
775,C0011,P011,2021-04-19,2708.57
776,C0234,P021,2022-06-17,1586.48
777,C0195,P024,2021-10-23,2024.91
778,C0119,P010,2021-04-22,980.29
779,C0020,P028,2021-12-09,2932.55
780,C0261,P008,2021-04-11,4794.1
781,C0293,P002,2022-09-21,2565.06
782,C0256,P023,2021-01-28,506.28
783,C0222,P008,2023-07-26,3138.01
784,C0226,P016,2021-02-27,1767.09
785,C0053,P027,2021-10-24,4294.03
786,C0280,P022,2021-05-14,2229.92
787,C0081,P005,2021-09-06,1044.91
788,C0202,P027,2023-10-18,1036.42
789,C0158,P025,2022-07-04,3866.94
790,C0120,P029,2023-06-21,1401.38
791,C0059,P003,2023-04-14,3859.44
792,C0215,P012,2023-02-10,1108.85
793,C0128,P013,2021-05-26,1676.26
794,C0224,P013,2023-06-12,2380.89
795,C0209,P010,2021-12-10,4721.66
796,C0115,P004,2023-11-25,4665.48
797,C0209,P009,2022-12-03,1113.67
798,C0014,P022,2021-01-01,1855.27
799,C0009,P024,2021-06-02,832.06
800,C0040,P023,2022-03-05,2598.93
801,C0237,P027,2022-05-23,2356.85
802,C0281,P002,2022-05-06,4513.72
803,C0201,P019,2021-12-11,4657.03
804,C0246,P001,2021-08-09,1979.48
805,C0278,P025,2022-12-24,2509.52
806,C0235,P029,2023-11-15,4491.56
807,C0004,P007,2022-06-12,4052.87
808,C0154,P017,2023-04-21,117.92
809,C0029,P003,2023-12-02,1668.29
810,C0109,P020,2022-04-26,2166.69
811,C0098,P020,2023-07-19,1225.61
812,C0215,P021,2023-05-22,1077.9
813,C0293,P030,2021-12-11,285.14
814,C0075,P003,2021-02-14,3252.51
815,C0146,P003,2021-01-21,1386.3
816,C0128,P017,2023-12-30,356.5
817,C0042,P007,2023-05-23,1231.8
818,C0041,P027,2021-02-17,4029.38
819,C0034,P026,2022-07-05,4272.3
820,C0017,P014,2021-10-14,2467.02
821,C0165,P017,2023-09-29,2138.75
822,C0153,P018,2023-10-31,4891.48
823,C0076,P013,2022-06-26,1082.77
824,C0087,P020,2023-01-26,1155.26
825,C0117,P029,2021-10-01,1530.15
826,C0027,P020,2023-08-14,946.51
827,C0287,P021,2022-08-23,1958.89
828,C0134,P027,2022-01-16,4563.09
829,C0219,P018,2022-04-24,3115.2
830,C0168,P004,2021-01-15,2118.54
831,C0098,P001,2022-05-31,4678.61
832,C0268,P018,2021-07-10,337.47
833,C0237,P001,2022-09-13,1130.35
834,C0173,P026,2021-06-03,2872.85
835,C0190,P026,2021-09-29,3116.21
836,C0122,P013,2021-05-23,293.83
837,C0046,P020,2023-12-29,2074.89
838,C0064,P020,2021-09-04,3280.85
839,C0130,P023,2023-02-27,3520.55
840,C0193,P010,2021-03-20,3226.89
841,C0181,P027,2022-09-15,1670.76
842,C0292,P011,2022-06-09,558.25
843,C0282,P009,2023-02-11,2192.85
844,C0029,P009,2023-07-27,730.9
845,C0149,P005,2022-09-09,4743.36
846,C0267,P026,2023-10-29,2428.34
847,C0296,P001,2021-03-08,1654.57
848,C0011,P017,2021-07-10,3854.89
849,C0164,P022,2023-02-07,2539.95
850,C0113,P002,2022-06-05,1619.17
851,C0187,P024,2023-09-17,4078.64
852,C0295,P013,2021-09-24,4349.05
853,C0232,P009,2022-04-30,3397.74
854,C0227,P029,2022-01-11,330.13
855,C0098,P004,2022-10-15,2874.98
856,C0055,P005,2022-07-03,3840.15
857,C0111,P011,2021-03-14,768.86
858,C0152,P024,2021-11-04,1220.49
859,C0246,P019,2021-07-18,4424.23
860,C0069,P021,2022-07-26,198.6
861,C0289,P003,2023-03-02,3788.36
862,C0250,P012,2021-06-28,2421.49
863,C0036,P026,2021-07-16,2289.18
864,C0239,P019,2023-01-05,134.77
865,C0148,P019,2021-03-30,4115.05
866,C0227,P013,2023-03-10,1863.14
867,C0244,P028,2023-02-27,2749.75
868,C0201,P007,2023-01-18,3418.77
869,C0154,P015,2021-07-28,3542.88
870,C0073,P023,2022-05-08,4784.3
871,C0201,P007,2022-10-27,2703.57
872,C0296,P026,2023-11-03,2058.63
873,C0017,P008,2023-05-21,4773.15
874,C0129,P005,2023-01-02,3246.34
875,C0217,P021,2022-11-29,1560.94
876,C0061,P014,2022-08-17,719.67
877,C0104,P004,2023-06-05,4228.52
878,C0042,P023,2023-05-02,1874.69
879,C0025,P010,2021-11-21,3336.3
880,C0039,P020,2023-09-06,2407.0
881,C0291,P015,2023-08-14,1074.76
882,C0131,P018,2023-06-13,3048.26
883,C0229,P020,2021-05-24,397.35
884,C0108,P013,2022-01-19,2125.38
885,C0172,P029,2021-08-04,2778.41
886,C0102,P008,2021-11-20,2236.63
887,C0012,P009,2023-11-05,3768.49
888,C0275,P016,2021-08-05,4156.83
889,C0101,P019,2023-08-09,3879.09
890,C0044,P016,2021-07-02,290.18
891,C0017,P007,2021-09-27,1051.23
892,C0057,P014,2023-08-03,2729.38
893,C0012,P028,2023-05-20,4680.63
894,C0080,P014,2022-04-12,4191.29
895,C0216,P025,2021-11-01,4228.42
896,C0264,P027,2021-04-21,1585.72
897,C0149,P004,2023-10-11,2204.29
898,C0081,P026,2021-08-20,2406.46
899,C0215,P015,2022-08-18,871.12
900,C0198,P003,2021-06-22,252.23
901,C0200,P005,2023-08-31,4739.82
902,C0025,P001,2023-10-28,1279.49
903,C0089,P003,2022-06-30,1275.75
904,C0268,P015,2022-07-02,508.56
905,C0143,P024,2022-06-02,4649.69
906,C0059,P027,2023-07-03,2940.71
907,C0026,P008,2021-08-03,3368.48
908,C0047,P029,2021-05-14,4566.73
909,C0288,P004,2021-10-12,1793.54
910,C0266,P002,2022-11-17,3145.39
911,C0016,P029,2021-11-27,290.12
912,C0199,P024,2023-06-13,1015.19
913,C0282,P024,2023-06-18,4173.1
914,C0086,P010,2021-03-19,3857.16
915,C0250,P004,2023-08-05,1818.15
916,C0270,P003,2022-11-19,1946.37
917,C0117,P002,2021-01-21,2714.42
918,C0007,P025,2022-07-20,101.18
919,C0137,P017,2023-04-07,1282.1
920,C0176,P023,2021-06-28,1120.34
921,C0215,P021,2023-12-19,1327.37
922,C0082,P024,2023-06-24,4048.94
923,C0223,P020,2022-10-31,1470.4
924,C0103,P023,2021-07-10,1038.45
925,C0273,P013,2022-12-09,2570.89
926,C0014,P005,2023-11-25,4341.66
927,C0159,P030,2022-01-14,1282.61
928,C0152,P021,2022-01-22,484.83
929,C0108,P030,2021-08-25,1846.38
930,C0188,P009,2022-09-08,3763.49
931,C0098,P025,2021-10-10,2798.38
932,C0131,P029,2021-01-01,4102.29
933,C0293,P025,2022-04-09,4802.0
934,C0171,P028,2023-08-25,3984.05
935,C0183,P022,2021-06-21,3058.64
936,C0039,P006,2023-04-23,2517.37
937,C0015,P005,2022-11-21,296.34
938,C0004,P025,2022-07-29,4923.18
939,C0210,P010,2021-06-14,1979.06
940,C0161,P008,2022-01-18,845.92
941,C0016,P007,2021-07-28,3366.87
942,C0108,P007,2021-08-12,1493.01
943,C0227,P006,2021-01-03,2970.31
944,C0170,P021,2022-01-07,2975.16
945,C0034,P029,2022-09-03,2284.08
946,C0251,P020,2021-04-26,4196.98
947,C0247,P003,2022-03-23,1398.34
948,C0269,P019,2022-02-19,2298.3
949,C0141,P022,2023-06-11,2734.69
950,C0274,P015,2023-11-14,3351.76
951,C0096,P004,2022-10-25,3941.46
952,C0227,P028,2023-12-10,2034.56
953,C0039,P012,2022-12-19,3265.63
954,C0029,P006,2023-11-17,837.99
955,C0245,P019,2021-09-28,4669.98
956,C0236,P004,2022-07-16,1976.99
957,C0185,P015,2023-03-15,3674.65
958,C0272,P009,2021-09-04,199.67
959,C0236,P005,2022-01-22,1105.42
960,C0239,P013,2022-12-03,2486.7
961,C0266,P023,2022-07-13,4403.44
962,C0065,P026,2023-08-31,2683.55
963,C0177,P018,2023-09-11,4656.37
964,C0003,P030,2021-12-18,2470.6
965,C0142,P030,2023-01-23,2503.2
966,C0158,P005,2023-02-20,686.76
967,C0146,P025,2023-10-22,4033.02
968,C0293,P016,2022-06-30,1310.13
969,C0153,P027,2021-03-20,4508.1
970,C0193,P019,2021-11-30,4563.04
971,C0073,P014,2023-06-08,4722.22
972,C0140,P025,2022-05-17,2649.13
973,C0187,P030,2023-02-04,3417.76
974,C0293,P016,2023-07-10,3914.73
975,C0061,P027,2022-07-04,741.97
976,C0198,P015,2021-01-14,3044.69
977,C0295,P022,2022-01-27,268.06
978,C0011,P004,2021-11-06,2538.07
979,C0062,P007,2022-01-21,858.73
980,C0226,P016,2023-09-01,996.32
981,C0153,P024,2021-12-06,1888.73
982,C0199,P022,2022-08-20,2218.94
983,C0052,P021,2023-01-27,3153.54
984,C0260,P022,2023-11-12,464.7
985,C0059,P021,2021-10-18,2568.09
986,C0072,P008,2021-11-02,994.86
987,C0148,P017,2022-09-26,2912.48
988,C0063,P016,2022-09-17,3223.28
989,C0243,P027,2023-07-28,2827.88
990,C0107,P023,2023-04-28,3717.65
991,C0226,P010,2022-03-18,1744.49
992,C0218,P010,2022-05-18,3849.02
993,C0241,P027,2021-05-10,2220.56
994,C0259,P002,2022-08-20,2472.5
995,C0262,P030,2023-05-12,3275.7
996,C0005,P009,2022-08-16,189.96
997,C0261,P017,2023-09-26,3304.57
998,C0054,P011,2021-11-21,3131.07
999,C0047,P010,2023-12-29,1618.25
1000,C0215,P022,2022-03-24,520.39
1001,C0177,P025,2023-03-30,545.58
1002,C0009,P017,2022-12-10,4623.8
1003,C0099,P004,2021-09-22,3477.47
1004,C0020,P016,2022-09-04,722.8
1005,C0241,P020,2023-04-12,1847.94
1006,C0061,P015,2022-11-05,3003.17
1007,C0178,P025,2021-06-06,4194.3
1008,C0062,P027,2021-09-08,313.94
1009,C0145,P021,2023-05-28,1259.5
1010,C0216,P005,2022-06-14,4459.77
1011,C0003,P006,2021-11-23,144.91
1012,C0160,P017,2023-08-19,1086.86
1013,C0227,P001,2023-06-14,4799.22
1014,C0269,P025,2021-04-07,3105.67
1015,C0120,P019,2022-05-28,1382.19
1016,C0089,P004,2021-08-04,428.26
1017,C0068,P017,2021-05-05,238.14
1018,C0098,P009,2021-02-28,1299.25
1019,C0267,P024,2021-06-10,4419.28
1020,C0105,P002,2021-10-11,2137.98
1021,C0123,P008,2021-04-16,3629.63
1022,C0029,P015,2021-08-16,4599.6
1023,C0137,P007,2021-11-14,2099.4
1024,C0195,P027,2023-03-13,1037.26
1025,C0226,P006,2023-05-24,2633.88
1026,C0170,P001,2022-04-17,4549.61
1027,C0009,P015,2023-12-16,4041.43
1028,C0040,P023,2022-09-17,422.57
1029,C0025,P026,2021-01-13,3493.61
1030,C0261,P007,2023-11-08,2902.3
1031,C0226,P029,2022-11-25,4546.57
1032,C0124,P030,2023-08-31,700.16
1033,C0038,P025,2021-04-23,2716.78
1034,C0251,P017,2021-08-17,4409.37
1035,C0176,P002,2021-06-20,2109.12
1036,C0090,P027,2021-10-22,2461.78
1037,C0037,P009,2021-07-08,445.26
1038,C0176,P029,2022-03-02,1462.9
1039,C0284,P009,2023-09-04,1690.08
1040,C0081,P013,2022-10-20,4731.1
1041,C0114,P006,2023-07-08,1485.07
1042,C0040,P006,2022-05-14,2358.26
1043,C0224,P020,2023-02-01,3389.39
1044,C0115,P020,2023-05-16,894.7
1045,C0186,P021,2023-04-06,2483.57
1046,C0056,P003,2021-03-12,3718.84
1047,C0040,P017,2021-09-05,4347.59
1048,C0040,P017,2021-05-26,3168.67
1049,C0237,P012,2022-08-05,3378.36
1050,C0289,P016,2022-04-15,718.79
1051,C0262,P015,2021-07-12,4734.3
1052,C0216,P013,2023-12-28,749.61
1053,C0147,P023,2022-05-09,3895.9
1054,C0168,P001,2021-02-21,1397.6
1055,C0092,P017,2023-06-01,4674.61
1056,C0059,P003,2021-12-29,3627.8
1057,C0059,P026,2023-07-06,3793.69
1058,C0169,P015,2022-04-19,1173.39
1059,C0269,P004,2022-06-05,2270.9
1060,C0045,P004,2022-11-22,3127.28
1061,C0181,P018,2022-06-16,3872.87
1062,C0170,P017,2023-04-20,609.4
1063,C0191,P019,2023-12-25,4815.59
1064,C0155,P011,2021-08-29,4462.08
1065,C0188,P020,2022-06-20,1424.71
1066,C0007,P003,2021-03-24,4131.53
1067,C0133,P008,2023-09-09,2639.79
1068,C0235,P014,2023-08-09,2362.85
1069,C0045,P026,2022-09-03,1640.73
1070,C0249,P001,2022-07-28,2946.75
1071,C0031,P014,2021-10-13,3676.46
1072,C0023,P002,2023-09-16,2113.57
1073,C0160,P029,2022-04-04,3183.17
1074,C0158,P023,2021-05-06,3526.63
1075,C0039,P004,2022-03-01,3584.5
1076,C0082,P024,2022-07-08,354.63
1077,C0258,P027,2022-09-02,4312.76
1078,C0206,P029,2021-04-22,2345.44
1079,C0077,P019,2022-02-06,1385.84
1080,C0012,P006,2021-05-02,1284.65
1081,C0295,P025,2021-09-30,2466.77
1082,C0224,P001,2022-02-02,4445.47
1083,C0013,P017,2022-04-16,1953.9
1084,C0046,P008,2023-09-12,3773.66
1085,C0155,P019,2022-07-23,574.41
1086,C0113,P021,2023-06-16,2432.68
1087,C0233,P001,2023-03-31,4959.26
1088,C0017,P005,2023-05-03,3875.15
1089,C0223,P027,2022-12-11,1131.59
1090,C0188,P016,2021-11-17,2557.06
1091,C0163,P006,2021-06-28,1244.76
1092,C0074,P008,2023-06-16,2106.85
1093,C0233,P013,2021-08-07,3922.41
1094,C0224,P016,2023-02-28,3879.0
1095,C0060,P030,2022-05-07,1217.69
1096,C0222,P003,2021-03-02,4618.89
1097,C0037,P019,2023-12-14,3003.58
1098,C0278,P012,2022-06-22,1961.63
1099,C0196,P016,2023-04-28,2559.48
1100,C0242,P027,2023-09-15,3064.85
1101,C0219,P011,2021-03-06,2843.46
1102,C0192,P010,2022-08-09,2483.38
1103,C0017,P025,2021-06-20,2574.17
1104,C0012,P020,2022-06-19,964.42
1105,C0193,P004,2022-11-24,4082.39
1106,C0022,P012,2021-04-18,2754.63
1107,C0120,P023,2023-03-25,742.29
1108,C0210,P002,2023-10-02,3854.17
1109,C0270,P024,2022-03-28,4668.98
1110,C0192,P022,2022-08-13,4741.8
1111,C0175,P019,2023-11-06,1908.19
1112,C0285,P025,2021-11-23,764.03
1113,C0204,P005,2022-08-31,2640.16
1114,C0164,P008,2022-10-21,651.79
1115,C0251,P007,2021-01-02,4676.54
1116,C0227,P014,2023-10-31,999.54
1117,C0007,P024,2022-03-10,1338.55
1118,C0029,P023,2021-05-05,2092.52
1119,C0033,P003,2022-04-30,1977.51
1120,C0134,P018,2022-10-14,3993.85
1121,C0079,P016,2023-03-11,2335.95
1122,C0058,P023,2023-05-23,936.76
1123,C0026,P019,2021-05-09,1409.33
1124,C0226,P019,2022-03-14,2594.66
1125,C0285,P018,2023-01-21,822.52
1126,C0004,P020,2022-05-16,3097.11
1127,C0099,P016,2023-12-18,2872.16
1128,C0039,P008,2021-07-30,3602.04
1129,C0271,P028,2023-06-21,4694.75
1130,C0285,P001,2021-02-14,4570.05
1131,C0157,P017,2022-06-19,4735.77
1132,C0075,P012,2022-04-06,1299.11
1133,C0288,P030,2022-01-26,744.67
1134,C0130,P021,2023-12-04,1581.16
1135,C0175,P011,2021-01-27,4485.92
1136,C0084,P005,2023-03-05,4863.06
1137,C0022,P027,2023-09-02,4310.69
1138,C0027,P012,2022-07-02,639.09
1139,C0195,P017,2022-09-13,4742.4
1140,C0236,P006,2022-07-21,2174.45
1141,C0092,P001,2022-12-05,145.62
1142,C0021,P005,2021-07-04,2267.73
1143,C0084,P025,2023-12-29,325.74
1144,C0262,P028,2023-04-28,2765.0
1145,C0147,P014,2022-08-22,1758.91
1146,C0257,P005,2023-03-17,2419.83
1147,C0058,P022,2021-03-20,3104.53
1148,C0015,P024,2022-08-02,4357.13
1149,C0162,P027,2022-02-17,3343.32
1150,C0163,P001,2022-06-30,2226.84
1151,C0281,P030,2021-06-18,4115.2
1152,C0280,P018,2022-11-12,4537.35
1153,C0012,P016,2022-08-06,686.82
1154,C0274,P009,2022-05-30,2706.47
1155,C0271,P019,2021-02-01,1494.11
1156,C0208,P022,2021-10-14,330.6
1157,C0027,P005,2022-08-17,3375.88
1158,C0072,P027,2023-12-03,4327.58
1159,C0060,P002,2022-09-09,898.22
1160,C0145,P030,2023-10-22,4080.83
1161,C0093,P015,2021-09-27,4281.64
1162,C0008,P007,2022-06-02,4580.27
1163,C0079,P004,2023-10-31,1399.9
1164,C0027,P001,2022-08-06,4529.37
1165,C0174,P013,2021-08-14,1671.25
1166,C0050,P020,2022-11-01,2806.46
1167,C0199,P022,2023-07-06,347.49
1168,C0181,P007,2021-05-06,315.02
1169,C0024,P015,2023-08-14,3629.83
1170,C0046,P023,2021-03-15,2277.95
1171,C0015,P014,2021-02-25,1355.83
1172,C0153,P023,2022-12-21,1033.03
1173,C0222,P019,2022-07-07,3382.77
1174,C0206,P022,2021-02-01,101.97
1175,C0273,P029,2022-07-28,4048.87
1176,C0236,P024,2022-10-29,488.32
1177,C0228,P020,2021-10-11,1038.3
1178,C0009,P029,2021-07-06,1992.56
1179,C0166,P024,2022-05-13,2475.81
1180,C0214,P018,2021-05-10,1839.48
1181,C0117,P010,2022-10-01,1671.49
1182,C0072,P009,2021-04-24,4823.19
1183,C0064,P025,2021-01-13,3243.74
1184,C0205,P008,2022-03-20,214.82
1185,C0209,P026,2022-03-23,2207.86
1186,C0072,P030,2023-09-13,4387.54
1187,C0277,P029,2023-09-20,1577.14
1188,C0274,P010,2022-12-16,563.33
1189,C0095,P017,2021-03-15,3816.09
1190,C0166,P002,2022-06-21,3069.47
1191,C0032,P006,2021-04-11,2894.53
1192,C0011,P026,2021-06-25,362.53
1193,C0217,P005,2022-03-03,788.45
1194,C0289,P028,2021-02-10,3150.49
1195,C0102,P030,2022-03-05,1118.34
1196,C0267,P009,2021-12-10,2569.94
1197,C0214,P005,2022-01-01,2769.92
1198,C0179,P018,2022-09-01,1489.19
1199,C0088,P026,2022-10-19,4747.28
1200,C0041,P020,2022-12-29,4228.07
1201,C0076,P009,2021-08-17,3639.63
1202,C0046,P017,2023-04-05,482.17
1203,C0160,P027,2023-06-08,620.04
1204,C0080,P017,2023-09-11,2514.63
1205,C0086,P012,2023-04-16,887.5
1206,C0092,P007,2021-04-27,4893.5
1207,C0148,P027,2023-03-29,876.75
1208,C0161,P003,2022-01-03,2488.59
1209,C0202,P010,2021-06-17,1884.19
1210,C0242,P002,2023-08-12,3232.99
1211,C0002,P025,2022-10-23,732.28
1212,C0225,P003,2022-11-26,2208.55
1213,C0289,P016,2023-07-14,1446.05
1214,C0233,P002,2021-06-01,4449.98
1215,C0077,P028,2022-08-09,298.87
1216,C0116,P024,2023-07-02,4577.26
1217,C0154,P010,2021-10-01,4181.67
1218,C0103,P006,2022-05-11,1558.1
1219,C0194,P022,2021-04-11,3967.52
1220,C0166,P026,2022-07-11,252.95
1221,C0090,P011,2021-03-14,4837.64
1222,C0174,P023,2023-11-04,2680.32
1223,C0122,P007,2021-06-06,1586.08
1224,C0143,P027,2023-01-05,1876.66
1225,C0106,P029,2021-05-12,425.39
1226,C0123,P015,2023-10-16,4947.81
1227,C0009,P006,2022-07-13,292.53
1228,C0262,P020,2021-04-17,3309.04
1229,C0073,P027,2021-09-22,2269.41
1230,C0223,P009,2021-06-04,4749.69
1231,C0041,P022,2023-09-15,1305.4
1232,C0204,P020,2023-09-24,2707.23
1233,C0264,P012,2021-09-04,2463.55
1234,C0178,P019,2022-06-15,3544.05
1235,C0084,P020,2023-05-08,433.25
1236,C0111,P003,2022-06-22,1049.57
1237,C0251,P015,2022-12-30,1151.37
1238,C0007,P002,2021-06-03,3716.94
1239,C0084,P030,2021-04-02,1026.78
1240,C0208,P021,2021-12-04,2910.11
1241,C0022,P002,2022-03-26,1154.69
1242,C0003,P022,2023-03-21,4321.96
1243,C0127,P003,2023-02-26,4716.71
1244,C0297,P006,2021-09-30,2640.62
1245,C0188,P015,2022-08-11,1826.31
1246,C0014,P027,2021-06-26,1246.88
1247,C0012,P010,2023-04-11,343.93
1248,C0087,P009,2022-10-05,1415.65
1249,C0012,P001,2023-12-09,3305.76
1250,C0025,P016,2022-07-21,2714.72
1251,C0243,P006,2022-10-28,4725.8
1252,C0122,P009,2023-05-18,2041.76
1253,C0147,P027,2023-12-06,3499.93
1254,C0055,P004,2021-10-29,2497.68
1255,C0238,P027,2023-05-18,2611.62
1256,C0173,P028,2023-07-01,1412.09
1257,C0221,P002,2022-02-12,2329.26
1258,C0119,P029,2023-04-02,2406.85
1259,C0183,P004,2022-07-15,3562.55
1260,C0288,P001,2022-04-09,4709.14
1261,C0300,P019,2021-05-24,1713.67
1262,C0082,P026,2022-03-18,306.78
1263,C0211,P025,2022-05-02,2531.85
1264,C0150,P010,2023-05-10,2767.86
1265,C0037,P021,2021-05-28,925.36
1266,C0059,P015,2023-12-31,3826.28
1267,C0131,P027,2023-03-22,4926.15
1268,C0202,P022,2022-10-28,4734.3
1269,C0243,P019,2021-03-31,1065.82
1270,C0035,P016,2021-07-18,4389.28
1271,C0093,P021,2022-06-22,3552.02
1272,C0207,P027,2021-10-28,2323.85
1273,C0213,P024,2022-12-25,2748.99
1274,C0159,P022,2023-08-21,4263.04
1275,C0024,P004,2021-03-09,2452.66
1276,C0293,P002,2022-04-04,1928.72
1277,C0004,P030,2022-02-02,2516.91
1278,C0220,P025,2022-09-12,2937.74
1279,C0020,P013,2022-12-31,1026.48
1280,C0152,P028,2022-07-10,4514.45
1281,C0050,P001,2023-02-20,3403.52
1282,C0177,P017,2023-06-13,3203.02
1283,C0096,P013,2022-09-02,587.53
1284,C0105,P004,2023-01-18,3060.45
1285,C0250,P007,2021-10-09,692.71
1286,C0117,P017,2022-10-23,485.62
1287,C0228,P009,2023-07-13,2683.82
1288,C0066,P004,2023-09-23,2073.65
1289,C0262,P019,2023-01-16,2985.17
1290,C0295,P001,2021-03-28,537.19
1291,C0243,P010,2023-03-02,2211.82
1292,C0186,P004,2021-10-31,956.45
1293,C0246,P009,2021-05-10,4936.79
1294,C0125,P013,2022-08-19,2849.64
1295,C0268,P014,2022-07-12,3468.44
1296,C0131,P010,2023-06-18,1694.55
1297,C0237,P006,2021-03-19,564.22
1298,C0018,P016,2023-02-23,4881.77
1299,C0040,P006,2022-11-05,1502.67
1300,C0021,P017,2021-08-26,2176.66
1301,C0225,P010,2021-10-05,3284.33
1302,C0282,P018,2023-11-08,221.02
1303,C0008,P027,2022-06-08,4070.27
1304,C0100,P022,2021-06-29,2729.23
1305,C0240,P018,2021-05-03,1463.26
1306,C0087,P003,2023-12-11,401.88
1307,C0298,P020,2023-12-31,896.24
1308,C0014,P027,2022-04-25,4485.67
1309,C0002,P021,2023-11-09,3461.52
1310,C0293,P025,2021-03-25,1324.52
1311,C0041,P028,2022-07-19,421.44
1312,C0111,P015,2022-09-11,3484.02
1313,C0014,P015,2021-12-23,2904.8
1314,C0231,P004,2023-03-27,2082.15
1315,C0084,P029,2022-10-09,1881.7
1316,C0130,P027,2022-03-19,1162.39
1317,C0231,P009,2023-12-29,3381.1
1318,C0145,P027,2022-06-07,4856.27
1319,C0028,P026,2021-05-23,961.0
1320,C0066,P019,2021-07-11,3025.87
1321,C0163,P024,2022-01-13,2178.51
1322,C0229,P028,2022-08-04,2288.77
1323,C0261,P017,2022-06-19,1345.32
1324,C0164,P011,2023-10-30,4143.16
1325,C0287,P025,2021-04-03,2477.75
1326,C0010,P009,2022-06-13,2762.69
1327,C0195,P010,2022-02-09,1593.33
1328,C0118,P018,2023-04-20,990.86
1329,C0270,P020,2023-06-08,520.96
1330,C0080,P013,2022-02-26,3599.18
1331,C0093,P008,2022-04-17,1061.55
1332,C0266,P007,2023-06-12,3481.37
1333,C0257,P017,2022-07-01,2012.84
1334,C0133,P021,2022-09-23,2137.3
1335,C0276,P023,2023-11-04,2398.97
1336,C0264,P015,2023-02-17,1901.77
1337,C0171,P020,2021-12-30,593.04
1338,C0001,P015,2021-04-29,1617.2
1339,C0064,P001,2022-06-30,3352.3
1340,C0284,P025,2022-06-06,3362.34
1341,C0121,P014,2022-09-26,1502.5
1342,C0107,P005,2023-08-21,2354.5
1343,C0175,P011,2023-08-16,1047.89
1344,C0204,P016,2023-06-02,1130.82
1345,C0165,P002,2023-02-19,212.93
1346,C0120,P008,2023-05-21,4494.06
1347,C0044,P011,2022-05-31,1132.46
1348,C0156,P029,2023-07-27,1214.92
1349,C0207,P018,2023-05-16,1470.05
1350,C0108,P003,2021-04-16,724.3
1351,C0251,P030,2021-08-02,3232.39
1352,C0130,P026,2023-04-30,468.2
1353,C0293,P001,2021-07-16,757.59
1354,C0020,P011,2021-01-19,3259.31
1355,C0282,P016,2022-10-04,1764.34
1356,C0285,P018,2023-11-02,3568.94
1357,C0001,P030,2021-11-26,2831.38
1358,C0119,P016,2023-05-16,1354.5
1359,C0035,P023,2023-02-13,3289.06
1360,C0198,P010,2022-01-27,669.74
1361,C0245,P018,2022-09-29,2728.41
1362,C0059,P006,2021-11-03,2242.03
1363,C0161,P019,2023-06-14,1412.58
1364,C0179,P004,2022-10-14,3059.62
1365,C0206,P027,2023-04-21,4369.53
1366,C0012,P013,2023-10-23,4994.63
1367,C0276,P024,2022-06-04,3078.04
1368,C0181,P014,2022-09-28,2083.06
1369,C0242,P003,2023-01-10,1203.51
1370,C0216,P010,2022-04-14,1359.77
1371,C0251,P006,2021-07-31,2449.33
1372,C0299,P001,2023-10-29,1899.66
1373,C0126,P023,2023-03-15,4577.69
1374,C0217,P024,2022-04-22,1904.65
1375,C0285,P027,2023-05-24,1929.88
1376,C0185,P014,2022-04-05,1979.32
1377,C0039,P008,2021-09-10,4199.44
1378,C0223,P019,2023-01-22,3288.86
1379,C0184,P014,2023-09-08,3109.43
1380,C0178,P010,2023-05-04,1737.3
1381,C0294,P017,2021-08-24,4107.73
1382,C0151,P009,2022-04-23,287.98
1383,C0126,P029,2022-11-10,4366.91
1384,C0234,P006,2023-11-10,2612.47
1385,C0008,P011,2021-08-04,2051.43
1386,C0129,P025,2023-05-05,2536.12
1387,C0264,P007,2021-05-15,3370.34
1388,C0157,P017,2023-06-24,162.55
1389,C0005,P028,2022-02-14,4370.6
1390,C0086,P028,2021-03-27,2289.02
1391,C0175,P001,2022-07-10,1780.54
1392,C0290,P022,2022-01-13,777.4
1393,C0193,P005,2023-12-11,2253.38
1394,C0119,P009,2021-08-30,2531.98
1395,C0218,P018,2023-07-09,2077.87
1396,C0114,P024,2021-09-23,3425.43
1397,C0145,P027,2022-12-13,2162.39
1398,C0026,P021,2021-03-11,4810.95
1399,C0136,P002,2021-02-26,3036.46
1400,C0232,P029,2021-02-08,4056.64
1401,C0076,P026,2023-03-12,635.84
1402,C0289,P011,2023-11-08,2046.73
1403,C0001,P027,2023-01-02,1750.55
1404,C0147,P028,2023-04-05,2890.46
1405,C0287,P006,2023-01-26,4319.46
1406,C0142,P026,2021-12-18,483.86
1407,C0053,P008,2021-10-10,455.62
1408,C0069,P004,2021-04-20,4266.56
1409,C0090,P018,2023-10-14,1142.97
1410,C0220,P028,2022-06-28,3376.89
1411,C0192,P011,2021-01-25,2760.1
1412,C0063,P005,2023-04-23,4181.18
1413,C0073,P015,2023-03-02,712.94
1414,C0161,P028,2023-01-08,735.94
1415,C0169,P018,2021-02-26,2828.41
1416,C0089,P002,2021-06-29,4737.26
1417,C0176,P022,2021-08-20,2133.49
1418,C0269,P011,2021-12-09,1702.02
1419,C0073,P026,2022-04-22,3072.78
1420,C0245,P025,2022-07-30,4659.2
1421,C0077,P013,2022-03-31,4200.95
1422,C0159,P004,2021-10-16,4977.87
1423,C0098,P022,2021-09-15,210.59
1424,C0102,P007,2022-06-14,653.0
1425,C0132,P029,2022-11-18,3086.39
1426,C0102,P011,2023-07-18,4120.82
1427,C0019,P022,2021-08-17,1497.7
1428,C0082,P024,2022-08-19,1272.13
1429,C0279,P004,2022-03-11,3956.18
1430,C0129,P028,2023-06-01,376.27
1431,C0089,P015,2023-10-18,1909.97
1432,C0213,P001,2022-02-06,2578.47
1433,C0143,P023,2022-09-14,2845.71
1434,C0065,P003,2021-03-29,3670.21
1435,C0076,P014,2022-08-07,1838.74
1436,C0199,P006,2021-11-05,3102.15
1437,C0143,P018,2023-06-25,2968.34
1438,C0093,P025,2021-12-09,2783.32
1439,C0224,P001,2022-03-12,3238.37
1440,C0291,P006,2021-06-26,1371.3
1441,C0102,P006,2021-05-19,514.78
1442,C0267,P021,2021-07-13,684.43
1443,C0110,P016,2023-08-01,1200.45
1444,C0265,P029,2022-06-09,2550.97
1445,C0003,P005,2023-12-02,4218.17
1446,C0085,P017,2023-07-04,3536.34
1447,C0282,P010,2021-07-29,3966.3
1448,C0117,P028,2023-01-11,1819.78
1449,C0221,P021,2023-05-12,2082.8
1450,C0154,P018,2023-08-12,2029.04
1451,C0153,P007,2023-04-13,1040.18
1452,C0012,P003,2021-05-20,399.96
1453,C0133,P013,2023-03-03,2995.49
1454,C0293,P015,2022-06-30,4947.16
1455,C0300,P020,2023-10-14,917.47
1456,C0228,P019,2021-02-26,328.76
1457,C0271,P003,2021-04-22,3919.71
1458,C0043,P004,2021-01-05,1337.67
1459,C0021,P005,2023-11-03,4165.25
1460,C0107,P001,2021-03-31,3549.29
1461,C0117,P004,2022-09-08,4733.8
1462,C0124,P012,2023-06-10,2103.74
1463,C0281,P028,2022-11-29,3343.65
1464,C0292,P027,2023-06-17,2377.79
1465,C0203,P024,2023-08-29,3189.88
1466,C0051,P010,2022-10-30,2303.03
1467,C0271,P023,2022-08-17,1024.3
1468,C0277,P025,2022-08-12,2588.7
1469,C0141,P021,2022-04-30,2690.06
1470,C0275,P029,2023-09-09,4071.96
1471,C0290,P026,2023-08-30,3704.05
1472,C0052,P020,2022-10-01,3352.58
1473,C0027,P024,2023-09-24,655.6
1474,C0157,P025,2021-10-09,3631.02
1475,C0239,P013,2023-09-13,2551.5
1476,C0156,P023,2021-01-16,4481.09
1477,C0291,P014,2023-07-25,4607.37
1478,C0136,P023,2021-09-11,370.27
1479,C0144,P005,2021-11-25,4121.14
1480,C0106,P004,2022-06-28,284.72
1481,C0158,P014,2023-02-22,1899.13
1482,C0146,P010,2023-09-24,2757.27
1483,C0002,P017,2023-04-25,825.69
1484,C0077,P010,2022-01-01,3756.94
1485,C0132,P026,2022-10-17,140.94
1486,C0090,P007,2023-01-30,926.14
1487,C0263,P016,2022-10-01,2945.9
1488,C0108,P001,2023-11-30,3600.5
1489,C0074,P017,2023-07-13,4591.55
1490,C0039,P021,2022-02-20,3556.93
1491,C0159,P029,2021-09-12,3391.72
1492,C0071,P009,2022-12-11,2032.27
1493,C0241,P006,2022-07-31,106.29
1494,C0298,P019,2023-06-19,688.78
1495,C0036,P013,2021-01-11,2719.32
1496,C0084,P003,2021-01-26,3408.14
1497,C0263,P007,2023-08-15,2145.5
1498,C0172,P022,2022-02-25,3680.33
1499,C0173,P009,2022-05-11,2657.13
1500,C0047,P022,2021-08-25,463.46
1501,C0141,P005,2023-10-06,1040.88
1502,C0118,P010,2021-08-07,4215.99
1503,C0277,P023,2022-04-06,3652.07
1504,C0214,P017,2022-10-25,4484.33
1505,C0220,P012,2022-09-27,676.03
1506,C0026,P023,2023-09-17,4952.09
1507,C0009,P016,2021-07-08,1126.09
1508,C0271,P003,2021-09-12,157.72
1509,C0010,P030,2021-03-09,4987.37
1510,C0121,P025,2022-09-08,1477.26
1511,C0125,P022,2021-12-02,3373.3
1512,C0170,P009,2022-11-02,965.74
1513,C0072,P029,2023-04-01,2943.12
1514,C0152,P015,2023-05-24,4529.77
1515,C0208,P005,2021-10-27,1668.89
1516,C0049,P023,2021-12-23,3384.24
1517,C0154,P013,2021-09-13,1020.73
1518,C0293,P014,2023-10-05,3161.5
1519,C0068,P020,2021-12-19,1748.61
1520,C0050,P015,2022-06-08,1134.92
1521,C0152,P016,2023-08-08,1634.59
1522,C0019,P023,2023-01-26,976.32
1523,C0100,P013,2021-10-11,4519.39
1524,C0060,P017,2021-04-09,2046.22
1525,C0167,P023,2021-07-16,1301.87
1526,C0202,P008,2022-04-27,2297.2
1527,C0146,P021,2023-05-28,1670.63
1528,C0164,P002,2022-09-07,3747.65
1529,C0242,P005,2022-09-10,4858.98
1530,C0069,P006,2022-01-03,2246.36
1531,C0175,P012,2022-07-24,4319.06
1532,C0049,P018,2022-08-13,2872.73
1533,C0108,P030,2023-12-02,870.45
1534,C0226,P022,2022-02-26,3484.05
1535,C0161,P022,2023-04-16,2615.83
1536,C0119,P001,2022-06-29,3287.97
1537,C0149,P030,2021-03-12,4459.47
1538,C0150,P017,2023-02-07,2258.13
1539,C0293,P030,2021-11-03,4515.77
1540,C0143,P011,2022-01-12,3778.28
1541,C0160,P010,2022-10-17,2494.16
1542,C0011,P019,2022-11-09,3055.79
1543,C0138,P014,2022-02-03,1695.35
1544,C0078,P026,2021-08-09,4919.63
1545,C0077,P010,2021-07-01,3370.02
1546,C0254,P015,2021-11-03,314.85
1547,C0258,P028,2022-06-06,1700.45
1548,C0291,P019,2023-10-11,3154.24
1549,C0263,P004,2021-01-04,376.03
1550,C0085,P002,2023-05-13,217.03
1551,C0146,P009,2023-04-28,2305.12
1552,C0042,P010,2023-03-15,1730.18
1553,C0125,P028,2021-08-03,2247.66
1554,C0167,P011,2023-08-30,1387.2
1555,C0241,P014,2021-04-11,907.12
1556,C0280,P007,2023-08-21,3476.8
1557,C0188,P023,2022-07-27,2621.4
1558,C0019,P015,2022-10-20,1080.76
1559,C0068,P022,2023-07-28,1665.99
1560,C0218,P019,2023-12-23,2999.86
1561,C0102,P022,2021-08-14,453.92
1562,C0042,P015,2021-04-15,822.52
1563,C0288,P030,2023-02-11,458.9
1564,C0167,P028,2022-03-05,4080.35
1565,C0109,P024,2022-03-10,3786.81
1566,C0036,P008,2023-11-18,3791.23
1567,C0232,P011,2022-11-13,3609.99
1568,C0229,P029,2022-08-11,3379.99
1569,C0164,P009,2023-12-29,2437.26
1570,C0073,P015,2023-05-16,3247.16
1571,C0136,P001,2023-01-16,287.97
1572,C0070,P030,2023-05-14,3145.18
1573,C0196,P001,2022-01-03,3911.6
1574,C0269,P019,2021-09-08,2551.76
1575,C0049,P003,2023-05-09,1851.82
1576,C0130,P010,2023-05-06,1459.39
1577,C0005,P008,2022-07-15,3249.73
1578,C0027,P015,2021-10-21,3494.73
1579,C0160,P010,2023-07-08,4367.74
1580,C0149,P001,2022-03-09,1777.44
1581,C0264,P029,2021-02-28,3871.88
1582,C0230,P018,2023-08-27,2850.64
1583,C0200,P002,2023-04-16,4425.9
1584,C0050,P019,2021-07-18,2686.28
1585,C0067,P013,2021-08-03,2636.39
1586,C0300,P022,2023-06-17,2931.6
1587,C0058,P001,2022-04-17,3771.65
1588,C0259,P002,2021-09-04,4826.98
1589,C0130,P029,2022-01-17,460.46
1590,C0215,P016,2023-09-18,361.83
1591,C0172,P015,2023-07-16,4694.0
1592,C0258,P013,2022-07-14,2696.39
1593,C0102,P016,2023-12-11,3113.02
1594,C0209,P017,2022-11-20,2463.88
1595,C0291,P021,2022-01-15,558.92
1596,C0286,P029,2022-04-19,3863.64
1597,C0116,P029,2022-11-28,3761.4
1598,C0264,P007,2023-06-30,1627.35
1599,C0150,P024,2023-08-18,1600.57
1600,C0300,P026,2022-04-23,4205.42
1601,C0036,P017,2023-10-01,454.55
1602,C0287,P007,2023-07-15,4417.42
1603,C0208,P013,2022-12-08,1357.64
1604,C0106,P005,2023-05-04,3005.63
1605,C0158,P026,2023-10-14,4686.37
1606,C0121,P017,2023-01-24,3422.8
1607,C0055,P003,2022-05-18,2130.71
1608,C0012,P007,2023-03-28,3478.72
1609,C0145,P026,2022-08-11,1785.5
1610,C0136,P017,2022-12-09,1458.57
1611,C0003,P007,2023-12-04,4983.75
1612,C0144,P021,2021-07-26,3778.87
1613,C0030,P001,2021-05-31,3259.13
1614,C0237,P017,2022-10-30,1840.92
1615,C0279,P030,2022-06-12,340.89
1616,C0115,P017,2021-06-14,252.18
1617,C0104,P011,2023-07-06,2815.49
1618,C0118,P025,2023-10-07,3833.96
1619,C0005,P027,2021-02-06,2733.16
1620,C0248,P029,2021-11-29,4219.85
1621,C0121,P003,2022-02-07,263.79
1622,C0286,P015,2022-02-18,1897.09
1623,C0149,P029,2021-02-14,1261.64
1624,C0084,P021,2021-07-25,2291.64
1625,C0231,P011,2021-03-03,454.64
1626,C0288,P026,2022-02-24,4775.25
1627,C0161,P028,2023-05-18,1193.95
1628,C0272,P016,2023-03-31,4619.31
1629,C0038,P025,2021-01-19,2186.88
1630,C0226,P022,2021-12-31,4929.07
1631,C0142,P028,2023-10-28,2814.89
1632,C0292,P009,2022-03-04,4661.08
1633,C0151,P024,2022-08-03,126.21
1634,C0114,P024,2022-06-30,3766.37
1635,C0237,P001,2021-11-21,4524.95
1636,C0066,P029,2021-02-24,784.63
1637,C0258,P025,2023-02-17,571.02
1638,C0249,P022,2023-09-19,2180.41
1639,C0180,P016,2021-02-11,4675.03
1640,C0190,P009,2021-08-19,2757.69
1641,C0154,P019,2022-03-29,2684.54
1642,C0196,P012,2022-01-29,791.52
1643,C0262,P019,2022-11-22,103.87
1644,C0143,P022,2022-01-27,4069.69
1645,C0101,P009,2022-08-27,529.12
1646,C0244,P007,2023-05-31,3205.86
1647,C0012,P014,2021-03-26,4581.62
1648,C0239,P029,2023-11-20,1122.39
1649,C0049,P019,2021-02-18,3359.84
1650,C0042,P019,2021-03-10,485.62
1651,C0166,P002,2023-12-18,3058.4
1652,C0082,P009,2022-11-28,903.27
1653,C0291,P013,2022-04-24,3706.17
1654,C0158,P015,2023-03-31,1576.03
1655,C0216,P003,2021-05-27,2370.62
1656,C0158,P011,2023-10-13,3037.21
1657,C0134,P021,2022-09-01,939.24
1658,C0067,P014,2022-03-22,3734.03
1659,C0007,P030,2021-08-09,1582.94
1660,C0014,P025,2021-04-05,3345.62
1661,C0073,P008,2021-09-19,875.59
1662,C0163,P018,2023-06-16,3471.78
1663,C0066,P019,2023-12-31,728.12
1664,C0130,P016,2021-08-07,2184.25
1665,C0206,P002,2021-04-02,1311.31
1666,C0276,P008,2021-05-07,3767.04
1667,C0256,P022,2021-03-21,1383.97
1668,C0266,P006,2023-09-10,4420.41
1669,C0025,P012,2023-07-05,4469.92
1670,C0281,P015,2022-05-01,1062.56
1671,C0253,P025,2022-11-25,3107.85
1672,C0289,P008,2021-01-25,529.82
1673,C0164,P004,2021-06-05,2018.53
1674,C0095,P015,2022-09-24,3595.28
1675,C0270,P028,2023-12-17,3331.17
1676,C0110,P020,2021-01-19,3161.03
1677,C0238,P025,2021-08-25,1484.45
1678,C0025,P017,2021-10-04,1952.32
1679,C0141,P013,2023-01-15,604.44
1680,C0117,P018,2022-07-06,3623.21
1681,C0025,P002,2022-10-01,2569.06
1682,C0079,P013,2021-08-25,3572.95
1683,C0068,P013,2023-09-25,1319.82
1684,C0173,P022,2021-02-24,1689.75
1685,C0012,P015,2022-11-15,1737.66
1686,C0288,P020,2021-04-19,226.14
1687,C0128,P029,2022-01-08,1771.13
1688,C0096,P027,2023-08-31,4036.19
1689,C0092,P010,2021-07-20,4496.76
1690,C0141,P029,2023-04-29,2639.27
1691,C0031,P003,2022-05-24,2331.96
1692,C0020,P019,2021-10-02,251.04
1693,C0146,P003,2021-07-30,4408.1
1694,C0160,P022,2022-05-19,163.75
1695,C0043,P014,2022-12-04,4729.28
1696,C0254,P008,2021-02-11,2497.16
1697,C0130,P027,2021-11-11,1775.48
1698,C0060,P023,2023-02-27,4628.67
1699,C0151,P030,2021-11-25,219.52
1700,C0287,P004,2023-11-07,2948.98
1701,C0005,P027,2021-10-10,2789.77
1702,C0266,P028,2023-08-01,1174.67
1703,C0130,P020,2021-09-15,2201.55
1704,C0267,P011,2022-07-29,3296.09
1705,C0178,P026,2022-07-28,3662.94
1706,C0253,P011,2022-09-04,103.51
1707,C0056,P027,2023-11-09,4690.58
1708,C0083,P030,2023-04-17,906.17
1709,C0099,P011,2022-02-27,1244.54
1710,C0149,P002,2023-01-28,1391.02
1711,C0156,P030,2023-02-02,285.32
1712,C0190,P017,2022-02-28,702.96
1713,C0263,P009,2022-03-05,4933.11
1714,C0080,P028,2021-07-23,1644.56
1715,C0252,P028,2021-07-15,664.98
1716,C0097,P002,2022-12-29,624.26
1717,C0260,P029,2021-10-12,3625.35
1718,C0260,P024,2021-07-15,4287.39
1719,C0103,P015,2021-11-03,1359.07
1720,C0040,P016,2021-01-14,202.46
1721,C0273,P025,2023-12-17,1193.14
1722,C0101,P004,2022-12-24,376.93
1723,C0221,P008,2023-02-19,606.64
1724,C0124,P009,2022-06-13,2214.39
1725,C0231,P026,2023-03-09,1226.6
1726,C0178,P026,2021-12-10,2628.13
1727,C0063,P005,2021-07-28,1342.12
1728,C0116,P016,2022-10-03,4708.63
1729,C0191,P013,2021-09-09,4539.13
1730,C0062,P030,2021-09-28,2877.35
1731,C0256,P007,2023-07-09,1836.68
1732,C0007,P026,2022-02-23,1967.62
1733,C0155,P020,2023-03-06,2118.08
1734,C0092,P017,2022-12-26,3665.14
1735,C0014,P003,2022-03-09,2313.03
1736,C0229,P005,2021-04-19,4297.98
1737,C0086,P019,2022-10-03,4726.06
1738,C0133,P012,2023-12-07,1746.14
1739,C0183,P029,2022-01-14,2847.4
1740,C0062,P027,2023-08-16,565.78
1741,C0219,P007,2021-04-13,1082.3
1742,C0246,P028,2023-06-11,2125.98
1743,C0230,P009,2023-05-04,1110.39
1744,C0079,P028,2023-11-17,4395.15
1745,C0149,P006,2022-06-14,875.6
1746,C0138,P029,2022-11-10,2332.74
1747,C0065,P026,2023-09-16,3067.93
1748,C0013,P017,2022-03-04,3490.13
1749,C0213,P016,2023-04-02,1977.04
1750,C0242,P023,2023-07-21,4358.59
1751,C0213,P003,2023-11-28,2884.76
1752,C0181,P021,2022-05-26,2253.59
1753,C0173,P026,2022-01-28,429.48
1754,C0160,P004,2022-12-14,2376.98
1755,C0164,P010,2022-05-09,4121.61
1756,C0188,P005,2022-07-01,3111.25
1757,C0191,P021,2022-08-17,4177.6
1758,C0256,P022,2022-01-24,2520.66
1759,C0183,P030,2021-06-07,680.46
1760,C0117,P010,2023-10-25,166.84
1761,C0282,P012,2021-06-16,1585.78
1762,C0196,P010,2023-08-18,3520.15
1763,C0034,P029,2022-02-13,3972.27
1764,C0052,P013,2021-07-13,1549.19
1765,C0112,P011,2021-08-23,2528.7
1766,C0252,P022,2022-12-19,2163.48
1767,C0082,P016,2023-03-27,2111.56
1768,C0232,P008,2022-02-08,1233.61
1769,C0227,P008,2023-06-12,768.22
1770,C0233,P027,2022-11-09,1063.77
1771,C0221,P025,2021-03-09,371.13
1772,C0042,P008,2021-03-29,1070.84
1773,C0021,P013,2021-08-05,145.08
1774,C0042,P027,2021-01-01,3173.57
1775,C0113,P002,2021-05-20,1650.24
1776,C0105,P030,2022-09-10,4868.41
1777,C0192,P030,2021-05-13,1049.21
1778,C0017,P012,2021-06-27,1794.56
1779,C0120,P010,2023-03-21,1853.42
1780,C0129,P012,2022-01-15,141.41
1781,C0130,P011,2023-06-27,4212.12
1782,C0060,P015,2022-10-20,256.77
1783,C0048,P016,2022-03-26,4706.88
1784,C0029,P017,2022-08-09,4471.16
1785,C0097,P026,2022-04-08,2724.06
1786,C0010,P002,2023-09-17,2763.62
1787,C0242,P018,2021-05-02,3303.51
1788,C0232,P012,2021-01-17,1996.55
1789,C0277,P019,2021-11-23,3271.39
1790,C0284,P026,2021-11-14,319.37
1791,C0203,P023,2023-03-20,364.83
1792,C0247,P018,2022-05-18,2340.43
1793,C0290,P030,2021-04-29,2793.15
1794,C0264,P017,2022-12-11,4450.31
1795,C0214,P030,2021-02-14,612.84
1796,C0200,P006,2021-11-10,4130.97
1797,C0079,P025,2022-02-22,1129.23
1798,C0173,P015,2022-07-10,2031.01
1799,C0069,P003,2021-11-22,1651.35
1800,C0087,P006,2022-05-30,2060.76
1801,C0101,P003,2021-08-02,837.43
1802,C0008,P030,2021-03-15,2567.49
1803,C0200,P029,2022-05-24,4028.05
1804,C0087,P001,2021-11-28,2263.52
1805,C0043,P030,2022-11-19,2504.01
1806,C0109,P013,2022-10-19,4258.96
1807,C0152,P028,2023-10-25,3559.68
1808,C0017,P021,2022-08-23,2503.23
1809,C0133,P026,2023-12-12,1362.71
1810,C0148,P014,2021-11-21,4436.14
1811,C0277,P013,2023-09-19,2927.4
1812,C0232,P027,2022-12-18,1183.62
1813,C0228,P004,2022-12-24,1418.69
1814,C0139,P007,2021-10-04,4035.35
1815,C0211,P022,2022-06-20,316.31
1816,C0028,P010,2021-06-01,4961.25
1817,C0051,P007,2023-08-13,738.72
1818,C0261,P021,2021-09-16,4000.74
1819,C0261,P015,2021-11-20,2034.4
1820,C0008,P015,2023-10-14,2511.86
1821,C0138,P004,2023-05-19,4415.19
1822,C0038,P023,2022-11-19,2123.26
1823,C0111,P023,2021-11-06,2733.72
1824,C0220,P006,2023-03-14,341.57
1825,C0223,P024,2023-12-16,111.5
1826,C0136,P020,2022-09-12,1299.52
1827,C0256,P026,2022-04-18,3434.86
1828,C0049,P005,2022-04-06,694.2
1829,C0292,P020,2023-03-25,657.43
1830,C0078,P012,2023-04-26,2113.71
1831,C0105,P001,2022-10-29,3274.4
1832,C0169,P028,2021-09-19,3589.15
1833,C0217,P008,2021-12-21,974.41
1834,C0119,P001,2023-02-09,489.98
1835,C0190,P005,2021-06-29,4707.95
1836,C0255,P022,2021-03-07,1377.27
1837,C0266,P006,2023-03-31,4281.4
1838,C0149,P029,2021-06-20,4331.11
1839,C0164,P021,2022-04-19,3885.36
1840,C0140,P003,2022-06-18,927.28
1841,C0258,P015,2022-03-15,4126.83
1842,C0269,P005,2023-04-15,3869.33
1843,C0181,P028,2021-08-15,3023.94
1844,C0160,P024,2022-03-18,1752.29
1845,C0288,P014,2022-01-31,1386.29
1846,C0288,P018,2022-12-29,697.26
1847,C0226,P016,2021-03-25,2597.81
1848,C0011,P006,2023-11-03,2967.78
1849,C0010,P025,2022-11-24,1860.76
1850,C0271,P024,2022-05-08,2429.26
1851,C0273,P014,2023-08-28,1881.22
1852,C0183,P027,2021-12-19,3240.93
1853,C0153,P024,2023-12-17,4516.17
1854,C0124,P008,2021-02-09,903.21
1855,C0114,P029,2022-10-02,1968.9
1856,C0278,P007,2021-06-22,790.26
1857,C0213,P008,2021-09-16,3162.22
1858,C0172,P013,2022-06-01,3671.47
1859,C0288,P006,2022-12-31,4666.37
1860,C0174,P018,2022-06-07,1466.47
1861,C0113,P002,2023-04-19,4756.03
1862,C0122,P008,2021-04-27,409.99
1863,C0032,P011,2021-07-03,3054.77
1864,C0222,P001,2021-06-11,379.95
1865,C0119,P022,2022-06-27,4479.49
1866,C0039,P029,2023-04-19,2696.06
1867,C0268,P006,2023-12-26,3379.81
1868,C0233,P016,2023-12-30,4174.71
1869,C0018,P027,2022-03-23,836.52
1870,C0149,P020,2022-02-20,289.1
1871,C0149,P012,2022-06-16,4406.52
1872,C0126,P011,2022-03-17,1643.17
1873,C0238,P029,2023-01-08,732.0
1874,C0135,P027,2022-04-09,2395.46
1875,C0151,P029,2022-01-31,3031.7
1876,C0236,P010,2022-12-12,251.76
1877,C0224,P003,2022-01-30,1446.99
1878,C0203,P013,2021-11-22,260.72
1879,C0256,P027,2023-01-20,2159.64
1880,C0086,P003,2023-12-30,4485.99
1881,C0150,P015,2022-10-04,4915.0
1882,C0235,P016,2021-08-02,3221.53
1883,C0022,P029,2022-01-04,892.02
1884,C0285,P013,2021-02-18,4538.66
1885,C0269,P017,2023-12-12,2629.61
1886,C0258,P003,2021-05-13,853.37
1887,C0029,P020,2023-09-26,4616.46
1888,C0213,P011,2023-02-25,3811.6
1889,C0283,P027,2022-01-08,3685.36
1890,C0050,P021,2022-04-24,3574.99
1891,C0095,P019,2023-04-12,1081.67
1892,C0088,P022,2022-10-12,1133.93
1893,C0044,P011,2022-11-13,3472.64
1894,C0278,P030,2022-11-19,1176.64
1895,C0171,P028,2021-03-23,2249.49
1896,C0189,P016,2021-03-28,3931.81
1897,C0184,P021,2021-08-13,3941.37
1898,C0003,P003,2021-01-16,2320.98
1899,C0191,P022,2023-04-02,3981.73
1900,C0118,P006,2021-06-12,4209.25
1901,C0019,P014,2022-05-29,3308.4
1902,C0023,P024,2021-12-16,1219.29
1903,C0030,P018,2022-11-12,1442.66
1904,C0295,P017,2021-06-30,1642.72
1905,C0108,P004,2023-01-13,672.34
1906,C0281,P023,2022-10-22,1438.48
1907,C0128,P015,2022-05-08,1126.64
1908,C0229,P011,2023-07-12,2331.11
1909,C0111,P026,2021-05-08,4551.34
1910,C0136,P003,2022-07-19,611.95
1911,C0186,P003,2022-07-04,3629.31
1912,C0144,P016,2022-03-29,3467.69
1913,C0072,P005,2022-04-16,569.2
1914,C0129,P021,2023-09-15,4620.6
1915,C0261,P029,2023-01-08,2885.51
1916,C0003,P010,2021-08-12,1882.26
1917,C0104,P019,2021-06-03,3807.04
1918,C0224,P025,2022-07-14,1361.09
1919,C0010,P004,2021-12-17,3498.2
1920,C0231,P029,2021-12-15,294.58
1921,C0219,P029,2021-07-01,4213.1
1922,C0066,P019,2022-09-29,2296.04
1923,C0112,P011,2023-10-15,3219.8
1924,C0013,P002,2021-06-28,1184.07
1925,C0086,P010,2023-11-29,3417.66
1926,C0234,P029,2023-02-11,3883.98
1927,C0090,P011,2023-06-13,2418.74
1928,C0054,P025,2023-10-24,3126.86
1929,C0012,P020,2023-10-13,2336.0
1930,C0209,P016,2021-03-05,4481.05
1931,C0014,P019,2021-01-29,2539.56
1932,C0121,P023,2022-01-07,4224.86
1933,C0020,P024,2021-04-07,4026.63
1934,C0075,P011,2023-09-20,2111.47
1935,C0243,P014,2021-01-21,1227.41
1936,C0223,P002,2023-01-05,2089.8
1937,C0070,P023,2023-12-06,4148.47
1938,C0211,P028,2021-03-07,1215.4
1939,C0101,P005,2022-08-26,2669.74
1940,C0186,P027,2021-12-04,4049.87
1941,C0132,P005,2021-05-03,1832.04
1942,C0111,P019,2022-03-23,3246.83
1943,C0132,P021,2022-09-03,1303.59
1944,C0020,P012,2022-11-02,635.47
1945,C0024,P018,2022-09-07,3992.48
1946,C0227,P004,2023-06-16,584.95
1947,C0154,P022,2021-10-08,1429.77
1948,C0293,P017,2023-12-03,4290.04
1949,C0230,P010,2022-08-19,1797.7
1950,C0202,P020,2022-12-04,4867.92
1951,C0038,P006,2023-12-11,4900.7
1952,C0260,P025,2021-07-29,1414.55
1953,C0188,P014,2021-05-06,300.79
1954,C0057,P011,2022-05-07,3554.81
1955,C0020,P011,2023-08-18,2309.83
1956,C0273,P029,2023-08-28,593.69
1957,C0119,P018,2022-08-04,3566.86
1958,C0071,P027,2023-02-16,252.76
1959,C0004,P023,2021-09-15,4363.96
1960,C0221,P022,2021-08-18,779.4
1961,C0014,P018,2021-07-08,723.83
1962,C0003,P024,2021-01-10,960.79
1963,C0216,P023,2022-11-07,4805.31
1964,C0229,P011,2022-05-17,3496.53
1965,C0186,P021,2021-03-26,4026.72
1966,C0055,P012,2021-02-18,2048.41
1967,C0254,P005,2023-04-18,1747.93
1968,C0024,P023,2023-10-05,1248.97
1969,C0162,P009,2022-11-20,2455.18
1970,C0158,P027,2022-01-22,2803.96
1971,C0082,P025,2023-08-28,3195.7
1972,C0159,P009,2023-10-03,1359.88
1973,C0188,P022,2021-08-06,4748.4
1974,C0060,P010,2023-10-02,931.82
1975,C0211,P022,2021-09-12,4831.7
1976,C0152,P019,2021-08-24,172.8
1977,C0109,P001,2023-11-16,2457.52
1978,C0076,P007,2021-09-28,1733.5
1979,C0030,P004,2021-05-03,2300.7
1980,C0117,P001,2022-10-18,2896.26
1981,C0192,P015,2021-09-16,2234.39
1982,C0019,P008,2023-08-06,2132.75
1983,C0173,P012,2021-02-16,3690.34
1984,C0228,P022,2023-05-13,3460.79
1985,C0183,P022,2022-06-09,4183.03
1986,C0113,P018,2023-06-07,1324.8
1987,C0183,P015,2021-07-27,3086.69
1988,C0146,P017,2023-01-17,2967.45
1989,C0116,P029,2021-05-29,1911.72
1990,C0113,P014,2022-03-14,2481.68
1991,C0251,P014,2021-06-04,1637.53
1992,C0251,P018,2021-12-24,795.04
1993,C0118,P020,2022-04-01,1147.63
1994,C0161,P018,2023-02-15,617.02
1995,C0198,P016,2022-09-21,3447.04
1996,C0260,P001,2023-04-12,3337.56
1997,C0148,P023,2022-05-01,4757.97
1998,C0240,P027,2022-06-17,3675.42
1999,C0047,P011,2021-07-19,355.02
2000,C0198,P015,2022-01-06,4432.8
2001,C0047,P012,2023-10-11,4327.11
2002,C0078,P008,2023-05-03,2272.27
2003,C0124,P022,2021-09-05,2970.73
2004,C0075,P020,2023-02-27,4882.78
2005,C0137,P030,2021-09-21,2708.29
2006,C0090,P006,2023-12-18,4536.08
2007,C0061,P003,2021-01-31,506.89
2008,C0138,P028,2022-08-28,1036.15
2009,C0050,P024,2022-05-17,2259.7
2010,C0259,P026,2023-06-05,2965.31
2011,C0107,P030,2022-07-03,4099.52
2012,C0113,P013,2023-04-19,4942.48
2013,C0254,P013,2023-04-28,2005.37
2014,C0118,P002,2022-09-06,332.34
2015,C0198,P005,2022-02-16,4025.74
2016,C0051,P017,2022-03-08,3061.47
2017,C0245,P006,2022-11-09,1072.86
2018,C0035,P002,2021-06-08,2524.66
2019,C0069,P004,2021-01-14,3737.32
2020,C0049,P022,2022-01-08,3875.02
2021,C0074,P026,2021-08-13,2548.13
2022,C0192,P011,2022-05-26,1595.55
2023,C0261,P008,2022-08-26,4871.34
2024,C0070,P012,2021-08-04,3350.48
2025,C0090,P008,2023-09-15,2100.36
2026,C0260,P011,2023-04-20,1474.27
2027,C0126,P022,2022-12-28,3682.4
2028,C0231,P020,2022-07-08,1286.7
2029,C0295,P008,2023-12-02,941.38
2030,C0129,P029,2022-11-07,2696.19
2031,C0280,P008,2023-05-23,1520.94
2032,C0100,P026,2021-10-10,3181.64
2033,C0297,P030,2023-12-18,677.9
2034,C0182,P017,2023-04-14,3309.21
2035,C0174,P020,2022-06-21,1488.15
2036,C0188,P020,2023-07-12,101.19
2037,C0057,P023,2023-04-22,721.99
2038,C0031,P016,2023-08-06,4674.72
2039,C0084,P014,2022-10-27,4350.04
2040,C0152,P030,2021-03-08,1244.68
2041,C0036,P011,2021-01-06,3914.02
2042,C0213,P007,2022-09-29,3082.0
2043,C0106,P016,2021-11-10,4857.43
2044,C0220,P013,2022-07-19,1930.67
2045,C0163,P027,2023-04-06,3439.16
2046,C0220,P015,2022-05-21,411.33
2047,C0270,P024,2023-10-23,2041.61
2048,C0120,P016,2021-07-23,4822.71
2049,C0182,P027,2022-10-24,2741.01
2050,C0106,P021,2023-03-16,1510.61
2051,C0217,P023,2022-02-08,689.33
2052,C0205,P024,2022-06-20,3547.29
2053,C0070,P009,2022-07-31,3259.79
2054,C0044,P003,2023-02-02,1932.3
2055,C0228,P019,2021-04-27,4759.61
2056,C0184,P020,2022-09-20,208.79
2057,C0107,P005,2023-01-19,1588.25
2058,C0084,P010,2021-04-15,4613.24
2059,C0250,P017,2022-05-10,1672.58
2060,C0021,P015,2021-02-15,1336.04
2061,C0196,P023,2023-04-03,2717.68
2062,C0178,P025,2023-09-09,4136.63
2063,C0007,P008,2023-08-18,605.42
2064,C0070,P015,2023-04-25,4720.8
2065,C0127,P021,2022-03-25,3995.86
2066,C0160,P030,2022-06-20,988.13
2067,C0248,P014,2022-05-26,3588.84
2068,C0203,P020,2022-06-24,1986.3
2069,C0148,P028,2021-01-16,2071.24
2070,C0143,P007,2021-08-31,3938.12
2071,C0199,P021,2023-07-01,4817.65
2072,C0154,P023,2023-01-31,720.61
2073,C0142,P012,2022-12-06,2161.09
2074,C0165,P017,2021-04-25,2456.61
2075,C0021,P017,2022-02-01,1943.93
2076,C0082,P010,2022-01-29,1879.63
2077,C0069,P030,2023-09-05,356.12
2078,C0131,P029,2021-10-24,3459.14
2079,C0087,P019,2023-09-29,2237.45
2080,C0218,P014,2021-06-27,1054.49
2081,C0161,P011,2023-08-25,4098.56
2082,C0178,P002,2021-11-11,4032.55
2083,C0117,P018,2023-11-29,2483.32
2084,C0196,P007,2021-09-16,1562.41
2085,C0086,P012,2021-01-07,3226.65
2086,C0289,P026,2021-02-18,1511.95
2087,C0081,P002,2021-06-10,1256.44
2088,C0152,P027,2021-06-25,3679.52
2089,C0061,P020,2023-10-23,297.59
2090,C0061,P018,2023-09-28,564.37
2091,C0028,P006,2022-03-31,133.26
2092,C0043,P024,2021-10-03,849.42
2093,C0169,P010,2022-05-13,438.05
2094,C0086,P020,2022-11-07,4979.43
2095,C0177,P015,2023-11-18,1515.17
2096,C0017,P005,2023-10-22,831.41
2097,C0098,P020,2021-02-25,1280.88
2098,C0198,P003,2022-07-01,4687.02
2099,C0098,P005,2021-02-05,2648.79
2100,C0065,P030,2022-03-15,1887.61
2101,C0005,P025,2022-08-18,4379.62
2102,C0002,P008,2021-11-03,2035.45
2103,C0022,P008,2022-09-11,1741.54
2104,C0112,P008,2021-12-23,1115.68
2105,C0057,P012,2021-06-30,1951.2
2106,C0066,P024,2021-03-09,1651.75
2107,C0098,P023,2021-10-19,3418.79
2108,C0144,P008,2022-11-23,1518.96
2109,C0125,P011,2021-06-30,2928.28
2110,C0167,P014,2022-03-10,422.87
2111,C0086,P008,2023-07-03,1037.32
2112,C0076,P029,2021-03-07,2096.29
2113,C0294,P030,2023-11-11,4691.05
2114,C0059,P024,2022-01-19,1948.53
2115,C0138,P028,2021-02-08,3353.96
2116,C0099,P010,2023-04-02,1349.93
2117,C0192,P007,2022-08-25,722.46
2118,C0243,P028,2023-02-24,386.83
2119,C0049,P017,2022-11-02,1596.53
2120,C0032,P004,2022-04-24,872.54
2121,C0277,P029,2022-07-15,952.65
2122,C0020,P013,2021-04-11,3827.72
2123,C0154,P004,2022-05-29,177.61
2124,C0068,P005,2021-06-25,2833.27
2125,C0214,P026,2021-08-26,1959.36
2126,C0143,P022,2023-06-29,2582.09
2127,C0232,P004,2023-12-19,2857.87
2128,C0213,P018,2023-05-21,1635.5
2129,C0079,P006,2022-05-10,1546.03
2130,C0214,P024,2023-08-05,3693.67
2131,C0116,P024,2023-01-25,4369.26
2132,C0092,P023,2021-07-30,1043.65
2133,C0270,P022,2021-05-20,578.33
2134,C0168,P002,2022-06-25,4499.2
2135,C0058,P023,2021-09-27,1814.49
2136,C0284,P011,2023-11-02,2801.46
2137,C0026,P028,2022-05-21,1861.76
2138,C0066,P014,2021-02-01,716.43
2139,C0248,P030,2023-12-29,2987.73
2140,C0254,P005,2023-03-24,2673.19
2141,C0044,P006,2021-12-28,1094.67
2142,C0097,P010,2023-07-18,2314.16
2143,C0042,P008,2021-04-10,4005.04
2144,C0227,P014,2021-01-09,2993.09
2145,C0262,P024,2022-11-28,574.89
2146,C0167,P003,2023-11-19,2785.31
2147,C0279,P012,2022-04-07,3543.42
2148,C0089,P016,2023-07-10,3984.25
2149,C0178,P028,2022-01-25,3182.68
2150,C0197,P030,2022-09-24,848.03
2151,C0267,P023,2022-11-13,3579.85
2152,C0268,P017,2021-06-06,3418.98
2153,C0074,P001,2021-12-01,219.69
2154,C0008,P023,2021-09-17,2117.56
2155,C0297,P010,2021-03-23,1731.46
2156,C0164,P025,2023-01-24,3380.12
2157,C0085,P023,2022-12-21,1159.07
2158,C0072,P010,2021-03-16,2995.27
2159,C0055,P021,2022-09-18,4574.71
2160,C0047,P024,2021-03-03,4009.23
2161,C0238,P002,2023-05-24,4615.14
2162,C0104,P009,2021-11-16,4894.68
2163,C0210,P022,2021-04-12,152.28
2164,C0042,P013,2023-05-24,3151.43
2165,C0268,P025,2023-08-12,2122.91
2166,C0263,P016,2021-09-12,4313.29
2167,C0259,P018,2022-07-24,1333.89
2168,C0283,P019,2021-04-22,4907.04
2169,C0114,P012,2023-09-12,3107.17
2170,C0040,P008,2023-09-25,3988.33
2171,C0220,P017,2022-04-06,519.44
2172,C0129,P015,2022-12-09,998.94
2173,C0008,P010,2023-06-06,3816.18
2174,C0101,P015,2023-12-12,207.73
2175,C0176,P015,2022-06-04,4102.7
2176,C0107,P023,2023-03-23,168.35
2177,C0101,P007,2021-08-24,3319.88
2178,C0260,P013,2023-07-16,1888.96
2179,C0246,P017,2022-07-11,3096.32
2180,C0275,P009,2022-10-11,3510.55
2181,C0032,P008,2021-08-22,1778.13
2182,C0137,P020,2023-11-22,629.02
2183,C0012,P026,2022-08-02,441.26
2184,C0016,P027,2022-06-26,2985.79
2185,C0129,P021,2021-04-24,2651.21
2186,C0063,P018,2021-07-23,3736.78
2187,C0109,P013,2023-11-19,2597.7
2188,C0021,P016,2022-10-05,2169.98
2189,C0158,P009,2022-04-19,2050.63
2190,C0269,P012,2022-11-28,229.59
2191,C0162,P012,2021-09-10,1744.23
2192,C0260,P006,2023-06-24,4882.5
2193,C0102,P019,2022-01-21,4380.42
2194,C0223,P028,2021-03-03,1713.95
2195,C0059,P007,2022-05-30,2980.2
2196,C0247,P025,2022-03-06,4251.75
2197,C0128,P003,2022-08-03,2262.24
2198,C0283,P016,2023-01-13,187.99
2199,C0025,P018,2022-11-06,465.1
2200,C0131,P016,2021-11-07,2600.92
2201,C0196,P023,2022-04-16,4850.25
2202,C0281,P007,2023-03-20,3496.73
2203,C0154,P004,2021-06-21,447.49
2204,C0133,P027,2022-07-30,1027.87
2205,C0227,P025,2021-01-31,3879.48
2206,C0189,P030,2021-02-16,4223.05
2207,C0265,P008,2021-05-10,3126.7
2208,C0134,P013,2021-12-18,3257.67
2209,C0211,P013,2023-09-05,238.85
2210,C0060,P017,2021-02-27,4159.8
2211,C0213,P017,2023-03-23,3962.55
2212,C0216,P005,2023-02-07,1369.27
2213,C0226,P006,2022-11-14,3572.52
2214,C0131,P019,2023-09-24,1152.79
2215,C0076,P013,2021-10-13,297.62
2216,C0286,P025,2023-12-31,1085.57
2217,C0277,P028,2023-06-05,975.28
2218,C0156,P026,2022-02-01,1754.97
2219,C0248,P014,2021-01-26,2150.4
2220,C0218,P022,2021-11-09,2591.84
2221,C0190,P004,2021-05-06,2436.09
2222,C0163,P028,2023-03-22,1426.31
2223,C0180,P007,2021-07-07,242.94
2224,C0034,P008,2022-11-29,3065.0
2225,C0041,P025,2023-03-21,2039.15
2226,C0075,P013,2022-12-17,1563.49
2227,C0279,P027,2022-03-26,4348.01
2228,C0176,P006,2022-06-07,3759.04
2229,C0150,P006,2023-09-13,4303.05
2230,C0273,P024,2022-10-20,2525.42
2231,C0108,P028,2022-08-20,741.56
2232,C0139,P021,2021-04-10,3511.49
2233,C0271,P030,2022-09-08,1109.76
2234,C0289,P003,2023-08-06,2262.03
2235,C0212,P028,2022-07-10,418.5
2236,C0272,P003,2021-10-05,4144.01
2237,C0066,P013,2022-05-06,717.11
2238,C0248,P022,2021-09-12,4525.18
2239,C0156,P002,2022-01-16,4334.73
2240,C0047,P016,2023-06-11,2376.46
2241,C0201,P022,2022-06-26,3747.4
2242,C0148,P029,2023-04-05,3135.28
2243,C0124,P006,2023-05-29,4035.07
2244,C0001,P008,2021-10-08,2215.84
2245,C0247,P023,2023-02-12,3950.46
2246,C0128,P008,2023-04-23,2366.04
2247,C0191,P030,2022-12-20,4710.73
2248,C0067,P025,2021-11-24,2483.22
2249,C0004,P006,2021-07-30,2366.83
2250,C0294,P014,2022-12-28,3946.85
2251,C0143,P003,2023-07-12,4125.73
2252,C0191,P010,2022-07-06,2817.0
2253,C0021,P003,2021-01-26,981.01
2254,C0227,P027,2021-01-27,2392.02
2255,C0117,P012,2022-12-03,4843.56
2256,C0142,P017,2022-11-13,3789.63
2257,C0039,P027,2022-02-17,4074.7
2258,C0252,P029,2021-06-16,260.84
2259,C0207,P005,2021-06-18,2392.51
2260,C0210,P030,2021-08-17,3268.44
2261,C0115,P020,2022-01-02,4167.16
2262,C0225,P025,2022-06-12,341.44
2263,C0134,P009,2023-03-02,4276.95
2264,C0251,P030,2022-06-08,2787.16
2265,C0219,P021,2021-04-16,1066.84
2266,C0091,P026,2023-01-02,1654.55
2267,C0046,P020,2023-08-23,1481.45
2268,C0038,P007,2021-05-13,2701.21
2269,C0142,P022,2022-06-18,353.26
2270,C0100,P004,2023-09-02,876.83
2271,C0190,P013,2021-09-26,4082.2
2272,C0035,P013,2022-11-04,749.76
2273,C0147,P010,2023-03-02,1243.64
2274,C0030,P018,2021-01-18,2321.52
2275,C0084,P017,2021-04-27,2633.89
2276,C0281,P020,2023-03-09,3841.69
2277,C0270,P020,2022-07-05,2291.93
2278,C0154,P013,2023-07-18,3970.34
2279,C0102,P017,2023-01-23,3129.9
2280,C0215,P022,2022-02-26,654.19
2281,C0150,P004,2022-10-08,866.02
2282,C0083,P001,2022-07-12,2241.47
2283,C0110,P001,2021-02-19,2044.76
2284,C0275,P015,2022-11-09,3743.37
2285,C0201,P013,2021-04-16,2945.61
2286,C0284,P017,2022-10-20,2001.85
2287,C0173,P024,2023-09-15,936.73
2288,C0206,P026,2023-04-22,1211.5
2289,C0063,P008,2022-03-22,2919.95
2290,C0073,P018,2021-03-11,2174.85
2291,C0251,P027,2021-05-30,2623.14
2292,C0124,P013,2023-02-13,936.32
2293,C0121,P023,2023-08-02,3348.24
2294,C0275,P014,2022-03-31,4277.44
2295,C0120,P008,2023-08-04,1363.9
2296,C0164,P008,2022-08-24,2508.42
2297,C0286,P027,2022-10-15,4880.08
2298,C0265,P026,2022-12-26,1732.88
2299,C0161,P015,2021-08-21,3015.73
2300,C0089,P027,2021-09-08,541.96
2301,C0142,P013,2021-03-20,3069.47
2302,C0203,P007,2023-12-12,539.2
2303,C0227,P005,2023-06-17,4800.25
2304,C0222,P017,2023-07-10,3606.75
2305,C0041,P028,2023-02-20,3961.98
2306,C0196,P025,2021-08-14,3550.11
2307,C0068,P029,2023-12-11,2989.67
2308,C0264,P016,2023-11-24,2304.57
2309,C0002,P023,2023-03-14,4306.03
2310,C0125,P002,2023-01-12,4788.49
2311,C0110,P022,2021-05-11,2545.28
2312,C0086,P018,2023-10-20,4664.52
2313,C0120,P017,2022-09-24,2958.33
2314,C0127,P030,2023-04-18,2738.08
2315,C0255,P007,2023-01-29,2326.97
2316,C0183,P013,2022-12-05,1125.51
2317,C0016,P018,2022-05-12,118.23
2318,C0062,P029,2021-11-19,1283.38
2319,C0158,P014,2022-09-07,2597.64
2320,C0268,P030,2021-11-25,1961.8
2321,C0035,P018,2021-05-13,2297.58
2322,C0267,P013,2023-04-15,4905.18
2323,C0064,P011,2022-10-13,1816.33
2324,C0050,P021,2021-05-01,2315.7
2325,C0255,P030,2022-08-29,754.23
2326,C0149,P021,2023-08-23,334.99
2327,C0276,P016,2021-05-09,3899.51
2328,C0172,P023,2021-01-29,2896.35
2329,C0201,P017,2022-12-23,3827.45
2330,C0035,P008,2021-11-29,834.33
2331,C0216,P019,2023-08-02,2901.96
2332,C0065,P020,2023-11-14,1342.85
2333,C0008,P015,2021-12-22,1217.5
2334,C0076,P009,2021-05-19,156.48
2335,C0174,P020,2021-01-29,738.67
2336,C0047,P010,2023-07-20,1615.41
2337,C0015,P012,2022-05-11,672.71
2338,C0147,P021,2023-10-11,4930.71
2339,C0026,P023,2022-10-17,1612.3
2340,C0093,P020,2023-04-08,738.59
2341,C0232,P030,2021-12-17,1075.5
2342,C0021,P001,2022-07-08,2979.75
2343,C0038,P025,2021-10-26,413.81
2344,C0276,P020,2021-03-05,4325.93
2345,C0157,P009,2023-01-25,4811.35
2346,C0179,P022,2023-02-09,1309.06
2347,C0132,P015,2023-04-14,2305.47
2348,C0028,P001,2021-06-15,208.46
2349,C0260,P012,2022-05-21,3239.48
2350,C0076,P003,2023-03-04,2128.24
2351,C0067,P011,2023-04-13,1423.29
2352,C0194,P002,2023-05-08,1113.5
2353,C0162,P016,2023-03-17,3304.71
2354,C0257,P009,2023-01-31,2139.46
2355,C0072,P015,2023-04-13,980.33
2356,C0087,P012,2021-10-10,3476.63
2357,C0262,P001,2022-01-14,2868.85
2358,C0214,P013,2021-07-17,4307.49
2359,C0153,P014,2023-10-12,675.63
2360,C0210,P025,2023-10-21,3949.77
2361,C0061,P025,2022-07-10,3400.23
2362,C0268,P008,2021-12-22,663.55
2363,C0262,P008,2023-11-07,3504.62
2364,C0218,P027,2022-10-01,2263.58
2365,C0283,P030,2022-01-14,4730.43
2366,C0136,P012,2022-11-11,793.9
2367,C0093,P001,2022-05-21,3249.88
2368,C0109,P011,2023-06-18,1971.7
2369,C0241,P008,2021-03-17,4788.39
2370,C0142,P010,2021-08-19,1716.88
2371,C0291,P030,2023-08-20,4814.71
2372,C0237,P019,2021-10-29,4517.28
2373,C0177,P011,2022-12-27,1424.88
2374,C0141,P007,2021-08-03,4037.35
2375,C0189,P011,2021-03-10,4978.46
2376,C0049,P017,2022-01-28,1338.05
2377,C0190,P001,2021-09-24,2240.21
2378,C0136,P026,2023-12-29,2648.89
2379,C0043,P029,2022-09-03,1545.16
2380,C0090,P021,2023-10-06,174.8
2381,C0295,P021,2023-08-20,1178.63
2382,C0245,P008,2022-12-29,1481.49
2383,C0192,P023,2022-11-04,2273.64
2384,C0106,P024,2022-02-27,938.4
2385,C0233,P006,2021-04-25,4378.95
2386,C0265,P022,2021-08-08,3554.06
2387,C0037,P018,2021-01-31,517.48
2388,C0041,P006,2022-09-09,3285.45
2389,C0017,P005,2022-06-23,3302.92
2390,C0277,P013,2023-01-09,4785.48
2391,C0059,P019,2023-10-23,114.8
2392,C0183,P022,2023-05-21,1314.87
2393,C0041,P008,2021-04-11,4646.18
2394,C0039,P009,2023-12-18,4667.46
2395,C0192,P017,2022-11-23,3630.87
2396,C0267,P003,2023-07-30,3852.24
2397,C0147,P019,2021-12-07,548.27
2398,C0127,P011,2023-05-11,2617.99
2399,C0046,P024,2023-11-10,1234.76
2400,C0045,P017,2021-02-07,987.97
2401,C0001,P021,2022-10-22,4070.49
2402,C0168,P019,2023-07-17,761.69
2403,C0108,P002,2023-11-16,2396.39
2404,C0019,P008,2022-03-30,4699.03
2405,C0072,P019,2023-01-07,1010.58
2406,C0109,P007,2023-03-30,4892.17
2407,C0268,P028,2023-02-12,4972.01
2408,C0240,P027,2021-01-13,2822.52
2409,C0090,P017,2023-07-04,933.7
2410,C0103,P006,2023-07-10,1648.91
2411,C0250,P019,2023-04-05,2180.01
2412,C0008,P024,2022-01-06,1615.69
2413,C0153,P006,2021-11-28,1475.11
2414,C0174,P028,2021-09-18,4863.93
2415,C0158,P002,2022-11-28,851.49
2416,C0215,P006,2022-11-18,3693.31
2417,C0177,P023,2023-08-08,102.01
2418,C0175,P005,2022-01-22,3021.3
2419,C0146,P019,2023-04-01,4588.12
2420,C0161,P020,2022-04-13,1510.88
2421,C0127,P004,2021-03-10,1009.08
2422,C0082,P022,2021-07-19,3293.23
2423,C0147,P026,2021-08-04,3591.75
2424,C0239,P017,2021-07-31,3471.35
2425,C0084,P011,2022-05-23,1664.65
2426,C0113,P004,2021-01-16,1335.79
2427,C0225,P026,2023-06-03,4784.0
2428,C0243,P013,2021-11-28,4624.17
2429,C0143,P020,2022-12-18,2340.85
2430,C0041,P026,2022-07-05,4246.35
2431,C0258,P017,2023-07-31,2316.39
2432,C0285,P009,2021-09-13,2179.51
2433,C0105,P004,2023-09-19,868.14
2434,C0202,P023,2022-12-29,2189.39
2435,C0266,P028,2023-05-30,2733.34
2436,C0210,P014,2023-03-26,210.27
2437,C0051,P019,2022-10-11,2276.15
2438,C0118,P026,2023-09-27,3928.65
2439,C0201,P028,2022-04-16,3432.23
2440,C0039,P003,2022-11-21,3212.27
2441,C0028,P014,2022-12-01,4556.82
2442,C0259,P008,2022-05-22,188.36
2443,C0084,P024,2023-09-19,2829.53
2444,C0155,P027,2023-10-07,3958.01
2445,C0117,P028,2023-03-15,2752.54
2446,C0002,P001,2023-04-11,1687.09
2447,C0093,P010,2021-08-02,767.63
2448,C0166,P018,2021-06-18,4449.06
2449,C0296,P016,2023-09-05,2406.74
2450,C0258,P008,2021-05-26,4402.76
2451,C0081,P001,2022-05-31,2970.68
2452,C0268,P012,2022-03-29,3403.54
2453,C0235,P008,2021-03-01,4040.88
2454,C0213,P024,2022-06-12,3329.86
2455,C0062,P016,2023-10-21,2050.47
2456,C0049,P018,2022-04-19,2616.8
2457,C0127,P004,2023-01-27,4034.92
2458,C0223,P006,2023-02-21,1930.89
2459,C0279,P012,2022-03-09,2001.8
2460,C0294,P027,2022-02-05,568.88
2461,C0284,P009,2021-02-26,4581.46
2462,C0277,P015,2023-09-30,546.08
2463,C0107,P016,2021-07-05,3276.22
2464,C0146,P024,2022-02-02,2124.65
2465,C0099,P012,2022-08-28,2087.54
2466,C0073,P024,2023-02-27,3429.8
2467,C0122,P023,2021-06-07,428.76
2468,C0030,P014,2022-08-12,3009.16
2469,C0188,P013,2022-04-11,3882.96
2470,C0288,P025,2022-03-22,4158.24
2471,C0195,P002,2023-03-12,935.6
2472,C0156,P003,2023-07-18,4497.35
2473,C0172,P026,2021-01-17,3315.12
2474,C0041,P024,2023-01-01,4421.09
2475,C0063,P030,2021-11-22,2477.88
2476,C0023,P022,2023-09-22,2755.96
2477,C0075,P010,2022-09-05,4603.29
2478,C0048,P009,2022-06-30,4509.56
2479,C0160,P026,2022-08-19,2295.99
2480,C0118,P020,2023-07-10,1444.62
2481,C0100,P008,2023-04-22,2026.54
2482,C0167,P010,2021-12-10,2000.05
2483,C0290,P019,2023-05-09,1505.65
2484,C0156,P003,2022-03-21,1416.04
2485,C0007,P024,2021-08-10,4319.21
2486,C0196,P005,2022-08-15,442.32
2487,C0056,P003,2023-10-28,3420.29
2488,C0193,P026,2023-10-15,946.82
2489,C0047,P027,2021-01-16,1788.08
2490,C0148,P016,2022-06-08,401.56
2491,C0275,P017,2023-03-14,1422.87
2492,C0157,P015,2021-01-21,3865.26
2493,C0202,P003,2021-08-16,4436.58
2494,C0126,P012,2023-10-05,1185.48
2495,C0294,P009,2023-03-20,2371.38
2496,C0064,P021,2022-02-08,2404.59
2497,C0176,P012,2023-12-26,4380.52
2498,C0116,P026,2022-03-13,3837.72
2499,C0204,P015,2023-04-09,2614.08
2500,C0031,P002,2023-07-23,3386.66
